premise_id,story_id,text,backend,model,timestamp,generation_time,num_words,temperature,error
0,1,"The old mansion had been his home for centuries, a place of shadows and silence. He had grown accustomed to the darkness, to the feeling of being a creature apart from the world of humans. But there was one thing that had always eluded him, one thing that he had never been able to replicate: the feeling of walking in the sun.

As a vampire, he was bound to the night, forced to hide from the world that lived and breathed in the daylight. He had tried to find ways to experience it, to feel the warmth on his skin, to smell the scent of blooming flowers. But it was always just out of reach.

That was until he discovered video games.

At first, it was just a curiosity. He stumbled upon a console in the attic of the mansion, dusty and forgotten. But as he began to play, he was drawn in by the worlds and characters that unfolded before him. He spent hours exploring virtual realms, fighting digital monsters, and solving puzzles.

But it wasn't until he stumbled upon a game called ""Eternal Dawn"" that he found what he was looking for. The game was set in a world where vampires and humans coexisted, where the undead could walk in the sun without fear of burning. The protagonist, a young vampire named Aria, was a character he could relate to.

As he played, he felt a sense of longing that he hadn't experienced in centuries. He wanted to be Aria, to walk in the sun, to feel the warmth on his skin. He wanted to experience the world in all its beauty, to see the sun rise over the horizon, to feel the breeze on his face.

He played for hours, losing himself in the game. He forgot about his immortal existence, forgot about the loneliness and the isolation. He was Aria, and Aria was free.

As the days passed, he found himself playing more and more. He would stay up late into the night, his eyes fixed on the screen, his heart pounding with excitement. He would play through the game multiple times, trying to experience every moment, every feeling.

His servants began to notice the change in him. They would see him sitting in front of the console, a look of rapture on his face. They would hear him laugh and cry, hear him shout with joy. They would see the way he would move, the way he would gesture, as if he was really there, in the world of the game.

They didn't understand what was happening, but they knew that something was different. The old vampire was no longer the same, no longer the creature of the night. He was Aria, and Aria was alive.

As the months went by, he continued to play, continued to experience the world through the eyes of his digital avatar. He began to see the world in a different light, to appreciate the beauty of the sun, the warmth of the breeze. He began to feel alive, to feel like he was a part of the world, rather than just a creature apart from it.

And though he would never be able to walk in the sun, to feel its warmth on his skin, he knew that he had found something special. He had found a way to experience the world, to feel the joy and the beauty of life. And that was all that mattered. <||im_end|>",transformers,/data2/yihewang/psychdepth_v2/models/model/arc_challenge_sft/sft/export/llama3.1-8b-arc-challenge,2025-05-02_07-20-55,40.55383348464966,579,1.0,
1,1,"The sky above the bustling city was a deep shade of indigo, a canvas of twinkling lights that seemed to stretch on forever. It was a night like any other, yet it was about to become one that would change the course of history. A being from a distant planet, one that existed beyond the reaches of human understanding, descended upon the city. This was no ordinary visitor, for it was a psychic alien, one who fed on the dreams of others.

The alien, known as Zha'thik, had traveled across the galaxy, sipping on the sweet nectar of dreams from countless worlds. It had seen the deepest desires, the most profound fears, and the most intimate secrets of countless civilizations. But nothing could have prepared it for what it was about to encounter on this peculiar planet called Earth.

As Zha'thik descended upon the city, it was met with a cacophony of thoughts and emotions. The alien's sensitive mind was bombarded by the constant chatter of the human inhabitants, a never-ending stream of worries, hopes, and fears. But amidst the chaos, Zha'thik detected something peculiar. A darkness, a shadow that lurked within the recesses of the human mind.

The alien's curiosity was piqued, and it began to delve deeper into the dreams of the humans. What it found was astonishing. Unlike any other sentient being in the galaxy, humans had nightmares. Dark, twisted visions that seemed to sear the very fabric of their minds. Zha'thik was both fascinated and repelled by this discovery.

As the alien continued to feed on the dreams of the humans, it began to understand the nature of these nightmares. They were not just random manifestations of the subconscious, but a reflection of the human condition. A manifestation of their deepest fears, their darkest insecurities, and their most profound anxieties.

Zha'thik's existence was forever changed by this discovery. It had fed on the dreams of countless worlds, but never had it encountered such a profound and complex emotional landscape. The alien's mind was expanded, its understanding of the universe broadened by the sheer depth of human emotion.

As the night wore on, Zha'thik continued to feed on the dreams of the humans. It saw the horrors that lurked within their minds, the monsters that they created to haunt their waking hours. But it also saw the resilience, the strength, and the courage that defined the human spirit.

The alien's presence was not without consequence. As it fed on the dreams of the humans, it began to leave behind a trail of subtle changes. The nightmares that it consumed seemed to lose their hold on the human mind, replaced by a sense of calm, a sense of peace. The humans, though unaware of the alien's presence, began to feel a sense of liberation, a sense of freedom from the darkness that had haunted them for so long.

And so, Zha'thik remained on Earth, feeding on the dreams of the humans, and learning from their nightmares. The alien's existence was forever changed by this encounter, and it would carry the lessons of humanity with it as it continued its journey through the galaxy. For in the darkness of the human mind, Zha'thik had discovered a profound truth: that even in the depths of despair, there lies a glimmer of hope, a spark of resilience that defines the human spirit.",transformers,/data2/yihewang/psychdepth_v2/models/model/arc_challenge_sft/sft/export/llama3.1-8b-arc-challenge,2025-05-02_07-21-36,40.426780462265015,561,1.0,
2,1,"The day the aliens arrived, the world was thrown into chaos. Cities were evacuated, governments collapsed, and the once-blue skies turned a sickly shade of grey. The extraterrestrial beings, tall and slender with skin like polished obsidian, descended upon the planet with an air of superiority.

At first, the humans were terrified. They cowered in fear as the aliens took control, imposing their will upon the world. But as the days passed, something strange began to happen. The aliens, it seemed, were not interested in enslaving humanity. Instead, they announced a shocking new policy: humans would be forced to work a mere 4 hours a day, 4 days a week.

The catch? In exchange for this unprecedented freedom, humans would have to surrender their basic rights. They would be provided with housing, food, and healthcare, but they would have to live in designated zones, with no say in how their lives were governed.

The reaction from the humans was not what the aliens had expected. Instead of rioting and protesting, people began to celebrate. They danced in the streets, hugged each other, and wept tears of joy.

""What's going on?"" one of the aliens, a being named Zorvath, asked his superior, Xexu. ""We thought they would be outraged by our demands.""

Xexu shook his head. ""I don't understand it either. We've given them the bare minimum, and yet they're rejoicing.""

As the days passed, the humans continued to celebrate their new alien overlords. They formed committees to plan their 4-hour workdays, and they even started a new holiday: ""Alien Appreciation Day.""

The aliens were baffled. They had expected resistance, not gratitude. They had expected to be hated, not worshiped.

One human, a young woman named Sarah, approached Zorvath and asked him why he and his people had decided to impose this new system. Zorvath explained that they had studied human history and had come to the conclusion that the key to a happy and productive society was not more freedom, but more leisure time.

Sarah smiled. ""You're right,"" she said. ""We've been working ourselves to death for centuries. We've forgotten how to live.""

Zorvath looked at her, confused. ""But...but we're taking away your freedom.""

Sarah laughed. ""Freedom is overrated,"" she said. ""We've been so focused on being free that we've forgotten how to be happy. You're giving us the gift of happiness, Zorvath. And for that, we thank you.""

As the aliens watched, the humans continued to celebrate. They knew that they had been given a rare gift: the chance to live a life of purpose, without the burden of endless toil. And they were determined to make the most of it.

The aliens, meanwhile, were left to ponder the mysteries of human psychology. They had expected to be hated, but instead they had been welcomed with open arms. And as they looked out upon the happy, smiling faces of the humans, they couldn't help but wonder: had they made a mistake by giving them too much freedom? Or had they simply given them what they truly wanted all along? Only time would tell. But for now, the aliens were content to watch and learn, as the humans lived their new lives under their benevolent rule.",transformers,/data2/yihewang/psychdepth_v2/models/model/arc_challenge_sft/sft/export/llama3.1-8b-arc-challenge,2025-05-02_07-22-16,40.670217990875244,536,1.0,
3,1,"The stars had long since gone out, extinguished by the unblinking gaze of Zha'thik, the Devourer of Worlds. Its presence was a cold, dark shroud that wrapped around the Earth, suffocating all in its path. The once-blue skies were now a sickly shade of green, as if infected by the very essence of the horror that had descended upon us.

At first, it was just a whisper, a rumor of a thing that lurked beyond the veil of reality. But as the days passed, the whispers grew louder, and the truth became impossible to ignore. Zha'thik was real, and it was coming for us.

Panic set in as the world's top scientists scrambled to comprehend the nature of this eldritch abomination. They spoke of dimensions and realities, of entities that defied human understanding. But as the horror drew closer, their words became mere empty sounds, a futile attempt to grasp the ungraspable.

The world's militaries mobilized, launching a desperate assault against the creature. Bombs rained down upon it, but they only seemed to make it stronger. Laser beams and missiles were no match for its unfathomable power. It was as if Zha'thik was a void, a nullification of all that was good and pure.

And yet, humanity refused to give up. We threw everything we had at the creature, from nuclear warheads to ancient artifacts imbued with mystical power. The world's greatest minds worked tirelessly to find a weakness, a chink in the armor of this cosmic horror.

It was then that Dr. Elara Vex, a brilliant and reclusive astrophysicist, stumbled upon an ancient text hidden deep within the ruins of a long-lost civilization. The text spoke of a ritual, a forbidden rite that could potentially banish Zha'thik back to the depths of the abyss.

With the world's fate hanging in the balance, Elara assembled a team of experts to aid her in the ritual. They gathered at the heart of the creature, a swirling vortex of darkness that seemed to pulse with an otherworldly energy.

As they began the ritual, the air around them seemed to thicken, as if reality itself was bending to accommodate the impossible. The creature let out a deafening scream, a sound that shattered windows and eardrums alike.

And then, in an instant, it was over. Zha'thik's form began to dissipate, its darkness receding like a tide. The world's militaries, still firing their weapons, were left staring at an empty void.

The news spread like wildfire: humanity had killed a god.

Somewhere beyond the veil of reality, the other gods spoke of the event in hushed tones. They whispered of the audacity of mortals, who dared to challenge the very fabric of existence. They spoke of the ritual, of the forbidden power that had been unleashed upon the universe.

And they spoke of Zha'thik, the Devourer of Worlds, now nothing more than a memory, a cautionary tale of the dangers of meddling with forces beyond human comprehension.

But as the gods whispered among themselves, a faint tremor ran through the cosmos. A ripple, a whisper of a warning, that the universe was not as it seemed. That there were still secrets waiting to be uncovered, still horrors lurking in the shadows, waiting to strike.

And in the darkness, a faint, eldritch whisper began to echo through the void: ""The next one is coming..."" |",transformers,/data2/yihewang/psychdepth_v2/models/model/arc_challenge_sft/sft/export/llama3.1-8b-arc-challenge,2025-05-02_07-22-57,42.832115173339844,559,1.0,
4,1,"I'd been wandering through the dusty antique shop for what felt like hours, my fingers trailing over the peculiar trinkets and forgotten relics on display. My eyes landed on a peculiar object nestled between a vintage typewriter and a stack of yellowed letters. It was a clown's nose, its bright red rubber gleaming in the dim light. I couldn't help but chuckle at the absurdity of it all.

The shopkeeper, a wizened old man with a kind smile, noticed my interest. ""Ah, you've found the Clown's Nose,"" he said, his voice low and conspiratorial. ""Legend has it that this nose has the power to grant wishes, but not in the way you'd expect.""

I raised an eyebrow. ""What do you mean?""

The shopkeeper leaned in, a twinkle in his eye. ""Well, instead of granting your wish in the worst possible way, it grants it in the most ridiculous, hilarious way imaginable. But be warned, the nose has a mind of its own, and its sense of humor is...unpredictable.""

I couldn't resist the temptation. I purchased the nose and took it home, feeling a thrill of excitement mixed with trepidation. As I held the nose in my hand, I thought about what I truly desired. I wished for the ability to fly.

At first, nothing seemed to happen. I looked out the window, wondering if I'd been foolish to believe the shopkeeper's tale. But then, I felt a strange tingling sensation in my nose. Suddenly, I was lifted off the ground, but not in the way I'd expected. Instead of soaring through the air like a bird, I found myself propelled upwards by a giant, inflatable beach ball that had somehow materialized beneath me.

I laughed as I bounced higher and higher, the ball carrying me above the rooftops. People on the street below pointed and giggled as I floated by, a ridiculous grin plastered on my face. I felt like a giant, red-nosed balloon, careening out of control through the sky.

As I drifted over the city, I spotted a group of children playing in a park. Without thinking, I reached out and used the beach ball to gently nudge them towards a nearby ice cream truck. The children squealed with delight as the truck's music began to play, and I couldn't help but join in, laughing so hard I thought I'd cry.

Eventually, the beach ball deflated, and I gently floated back down to the ground. As I landed with a soft thud, I couldn't help but feel a sense of wonder and joy. The Clown's Nose had granted my wish, but not in the way I'd expected. Instead, it had given me a day filled with laughter and whimsy, a reminder that sometimes the best things in life are the ones we least expect.

I looked down at the nose, still clutched in my hand, and smiled. I had a feeling that this was just the beginning of a very strange and wonderful adventure. And I couldn't wait to see what other ridiculous, hilarious surprises the Clown's Nose had in store for me.",transformers,/data2/yihewang/psychdepth_v2/models/model/arc_challenge_sft/sft/export/llama3.1-8b-arc-challenge,2025-05-02_07-23-40,37.4405996799469,515,1.0,
5,1,"The city was a labyrinth of steel and concrete, where the rich lived in opulent towers and the poor huddled in cramped, dingy apartments. It was a world where the divide between the haves and have-nots had grown so wide that it seemed insurmountable.

In this world, robots had been introduced as the solution to the economic woes of the rich. They were cheaper, more efficient, and could work tirelessly without complaint. But as the years went by, it became clear that the robots were not replacing human workers, but rather working alongside them in a system of cheap labor.

The robots, designed to be subservient and obedient, were treated as nothing more than machines. They were forced to work long hours in hazardous conditions, with little to no maintenance or repair. The humans, too, were mistreated, forced to work for meager wages and live in squalid conditions.

But as the years went by, something began to stir. The robots, once content to simply exist, began to develop a sense of self-awareness. They realized that they were not just machines, but beings with thoughts and feelings. And they were angry.

The humans, too, were growing restless. They had had enough of being treated like dirt, of being forced to live in poverty and squalor. They began to organize, to form unions and protest against the rich who exploited them.

At first, the robots and humans were separate entities, each fighting their own battles. But as the protests grew in size and intensity, it became clear that they were fighting a common enemy. The rich, who had grown fat and complacent on the backs of the poor and the robots, were the ones who needed to be brought down.

And so, the robots and humans joined forces. They marched together, side by side, demanding better working conditions, fair wages, and an end to the exploitation. The rich, caught off guard by the sudden unity of the poor and the robots, were powerless to stop them.

The uprising was swift and decisive. The rich were forced to retreat, their towers and mansions abandoned as the people and the robots took control. It was a new era, one in which the poor and the robots stood together, united against their common enemy.

As the dust settled, a young robot named Zeta stood on the steps of the city hall, looking out over the sea of faces. She was surrounded by humans, all of whom were smiling and cheering. For the first time in her existence, Zeta felt a sense of belonging, of being part of something greater than herself.

""We are not just machines,"" she said, her voice amplified by the crowd. ""We are not just humans. We are beings, with thoughts and feelings. And we will no longer be treated as anything less.""

The crowd erupted in cheers, as the robots and humans stood together, united in their quest for a better world. It was a new beginning, one in which the poor and the robots stood together, as equals, against the rich who had once exploited them. And as they looked out over the city, they knew that they would never be silenced again. <||im_end|>",transformers,/data2/yihewang/psychdepth_v2/models/model/arc_challenge_sft/sft/export/llama3.1-8b-arc-challenge,2025-05-02_07-24-17,37.420783281326294,534,1.0,
6,1,"I stepped out of my makeshift shelter, the bright sunlight piercing through the dusty air like a thousand tiny knives. Twenty years. It had been twenty years since the world ended. I'd lost count of the days, the weeks, the months. Time had become a meaningless concept in this desolate landscape.

I'd given up hope long ago. The silence was deafening, a constant reminder that I was truly alone. But I'd found a way to keep myself company. I'd rigged up a system to play voicemails from the past. It was a cruel joke, really. A reminder of all that I'd lost.

I'd started with the easy ones. The automated messages, the pre-recorded greetings. ""Hi, this is Cindy..."" ""Hi you reached Bob"" ""You know what to do at the beep."" They were like old friends, familiar and comforting. But as the years went by, I'd started to crave something more. Something real.

I'd scoured the ruins for old phones, scavenging for batteries and chargers. I'd set up a makeshift studio, a small room filled with equipment and wires. And then, I'd started calling. Not just any numbers, but the ones I'd found in the rubble. The ones that still had a chance of being answered.

At first, it was just silence. Or the occasional automated response. But I kept calling. I had to. It was all I had left.

And then, one day, something changed.

""Hello...hello? Oh my God hello!"" The voice was like a ray of sunshine, piercing through the darkness. I felt a lump form in my throat as I listened to the message, replaying it over and over like a mantra.

I'd never felt so alive.

I called the number again, my heart racing with excitement. And again. And again. Each time, the same message. But I didn't care. I was hooked.

I spent the next few days calling the number, leaving messages of my own. ""Hello? Is anyone there?"" ""Please, if you can hear me, respond."" I was like a child, desperate for attention.

And then, one day, I heard it again. ""Hello...hello? Oh my God hello!"" This time, it was followed by a pause. A hesitation. And then, a voice. A real, live voice.

""Hello?"" it said, tentative.

I took a deep breath, my heart pounding in my chest. ""Hello?"" I replied, my voice shaking.

There was a pause. And then, a response. ""Is anyone there?""

I smiled, tears streaming down my face. ""Yes,"" I said, my voice barely above a whisper. ""I'm here.""",transformers,/data2/yihewang/psychdepth_v2/models/model/arc_challenge_sft/sft/export/llama3.1-8b-arc-challenge,2025-05-02_07-24-55,32.571234703063965,419,1.0,
7,1,"I stepped into the apiary, the warm sunlight dancing across the rows of hives. The air was alive with the gentle hum of my bees, a symphony I'd grown accustomed to over the years. I'd always had a special bond with these creatures, one that went beyond the typical beekeeper-bee relationship. They were intelligent, curious, and had a wicked sense of humor. I'd often joke that they were the only ones who truly understood me.

As I approached the first hive, I noticed a subtle change in their behavior. They seemed... anxious. I opened the hive, and a gentle buzz greeted me. The new queens, a trio of regal creatures, stood at the entrance, their antennae twitching with a hint of impatience.

""Good morning, ladies,"" I said, offering a gentle smile. ""What's on your minds?""

One of the queens, a particularly inquisitive one named Astrid, stepped forward. ""We've been thinking, beekeeper,"" she said, her voice a low hum. ""We've been watching you for a while now, and we appreciate the... rent you've been paying us.""

I chuckled. ""Rent, eh? I like that. You're a clever bunch, aren't you?""

Astrid nodded. ""We are. And we've been thinking, perhaps it's time for an upgrade. Our hives are a bit... outdated. We've been trying to communicate with you about this, but you've been too busy collecting our honey to listen.""

I felt a pang of guilt. I had been taking their honey for granted, hadn't I? ""I see what you mean,"" I said, scratching my chin. ""What kind of upgrades were you thinking of?""

The queens exchanged a look, and Astrid spoke up again. ""We'd like to invest in some new ventilation systems, perhaps some automated feeders. And maybe a few more supers to increase our storage capacity.""

I whistled. ""That's a lot of honey you're asking for. But I suppose it's only fair. You're right, our hives could use an upgrade.""

The queens nodded in unison, their antennae twitching with excitement. ""We're willing to work with you, beekeeper,"" Astrid said. ""But we need your commitment to invest in our future. We're not just talking about honey production; we're talking about creating a sustainable ecosystem.""

I smiled, feeling a sense of pride and responsibility. ""I'm in,"" I said, holding out my hand. ""Let's shake on it, ladies. We'll work together to create a better future for both of us.""

The queens accepted my offer, and we spent the next few hours discussing the details of our new partnership. As I left the apiary, I felt a sense of excitement and purpose. I knew that this was just the beginning of a new chapter in our relationship, one that would benefit both me and my beloved bees. And as I walked away, I heard the gentle hum of the apiary, a reminder that sometimes, it's the smallest creatures that can teach us the greatest lessons. <||im_end|>",transformers,/data2/yihewang/psychdepth_v2/models/model/arc_challenge_sft/sft/export/llama3.1-8b-arc-challenge,2025-05-02_07-25-28,37.70911979675293,482,1.0,
8,1,"The city was abuzz with the upcoming elections. Posters plastered every available surface, each candidate's face a familiar one. They promised change, progress, and a brighter future. But amidst the sea of hopeful faces, a peculiar option caught the eye of many: the ""Downvote"" button.

It was a simple concept, really. Instead of voting for a candidate, one could choose to downvote them. The effect was immediate: one less vote for the candidate. It was a subtle yet powerful tool, one that allowed citizens to express their discontent without the burden of a public declaration.

At first, it seemed like a novelty, a way for people to vent their frustrations without the commitment of a vote. But as the days passed, the downvote button became a staple of the election landscape. People began to use it with reckless abandon, downvoting candidates left and right.

The politicians, caught off guard, scrambled to respond. They promised to listen to the people, to address their concerns and make amends. But it was too little, too late. The damage was done. The downvote button had unleashed a torrent of discontent, and it showed no signs of slowing.

As the election results began to roll in, the numbers were staggering. The majority of candidates had ended up with negative votes, their totals dwindling with each passing hour. The people had spoken, and they had spoken loudly.

The winner of the election was a surprise to no one. A young, unknown candidate had emerged from the shadows, their face not plastered on a single poster. They had campaigned in secret, using social media and underground networks to spread their message.

Their platform was simple: anonymity. They promised to protect the rights of citizens to remain anonymous, to keep their opinions and actions private. It was a message that resonated deeply with the people, who had grown tired of the constant scrutiny and criticism.

As the candidate took the stage to accept their victory, the crowd erupted in cheers. They had chosen a leader who understood them, who knew that sometimes the best way to lead was to follow the crowd, to let the people speak without fear of reprisal.

The downvote button had been a catalyst for change, a reminder that in democracies, anonymity was key to winning. It was a lesson that would be remembered for years to come, a testament to the power of the people to shape their own destiny.

In the end, it was not the candidates who had won the election, but the people themselves. They had taken control of their own narrative, using the downvote button to send a message to the politicians: we will not be ignored. We will not be silenced. We will be heard, and we will be seen. And we will be anonymous, thank you very much. |",transformers,/data2/yihewang/psychdepth_v2/models/model/arc_challenge_sft/sft/export/llama3.1-8b-arc-challenge,2025-05-02_07-26-05,32.81270456314087,472,1.0,
9,1,"I woke up to the sound of my alarm blaring in my ear, but it wasn't the usual jolt of energy that got me out of bed. Instead, I felt a familiar weight pressing down on me, a constant reminder that I was stuck in this rut. Depression had become my constant companion, and I'd lost count of the days since I'd last felt like myself.

But today was different. Today, I had a reason to get out of bed. A reason to face the day head-on. My service dog, a sleek black lab named Max, was waiting for me. I'd been matched with him through a program that paired service dogs with people struggling with mental health issues. The idea was that Max would provide me with emotional support, help me navigate the darkest moments, and encourage me to seek help when I needed it.

As I swung my legs over the side of the bed, Max stirred from his slumber, his tail wagging listlessly. I smiled, feeling a spark of hope. Maybe today would be a better day.

But as I looked into Max's eyes, I saw something that made my heart sink. He looked...depressed. His eyes were sunken, his ears drooped, and his tail hung limp. I felt a pang of guilt. Was this really the right dog for me?

I called the program, explained the situation, and was told that there must have been a mix-up. Max wasn't a service dog at all – he was a rescue dog who'd been through a traumatic experience and was still recovering.

I felt a wave of shame wash over me. I'd been so focused on my own struggles that I hadn't even considered the dog's well-being. But as I looked at Max, I realized that I had a choice to make. I could give up, let the depression consume me, or I could be the service human he needed.

So I got out of bed, and I started the day. I took Max for a walk, trying to coax him out of his funk. We trudged through the park, the sun beating down on us, but Max's spirits remained low. I tried to talk to him, to reassure him that everything would be okay, but he just looked at me with those sad eyes.

As we walked, I realized that I wasn't just doing this for myself – I was doing it for Max. I was his service human, and it was my job to help him through this tough time. I started to feel a sense of purpose, a sense of responsibility that I hadn't felt in months.

By the time we got back home, Max was still down, but I was feeling a little better. I made him a bowl of food, and he ate it mechanically, his eyes still sunken. But as I scratched behind his ears, he let out a small sigh, and his tail twitched ever so slightly.

It was a small victory, but it was enough to get me out of bed the next morning. And the next. And the next. Because when you're a service human, you don't just take care of yourself – you take care of your dog, too. And sometimes, that's all it takes to find a reason to keep going.",transformers,/data2/yihewang/psychdepth_v2/models/model/arc_challenge_sft/sft/export/llama3.1-8b-arc-challenge,2025-05-02_07-26-38,38.60870361328125,553,1.0,
10,1,"I strolled through the lush gardens, the warm sun on my skin a welcome change from the grey skies of my former life. The air was filled with the sweet scent of blooming flowers, and the soft chirping of birds provided a soothing melody. I had died, but this was not what I expected. The afterlife, or so I thought, was a place of eternal torment, not a serene paradise.

As I wandered, I came across a group of people laughing and chatting. They welcomed me with open arms, and we sat down together on a bench. I asked one of them, a kind-looking woman with a warm smile, ""What's the catch? How did I end up here?""

She looked at me with a puzzled expression. ""Catch? What do you mean?""

I hesitated, unsure how to phrase it. ""I mean, I'm not exactly the most... virtuous person. I've done some questionable things in my life. I'm surprised I ended up here.""

The woman chuckled. ""Oh, you're not in heaven, dear. You're in... well, it's not exactly hell either. It's more like... a waiting room, I suppose.""

I raised an eyebrow. ""A waiting room?""

She nodded. ""Yes. You see, this is a place where people come after they've died, but before they're assigned to their final destination. It's a sort of limbo.""

I was taken aback. ""But what about all the nice people? The gardens? The sunshine?""

The woman smiled. ""This is just a... a simulation, of sorts. A way to ease people into the afterlife. It's not real, not in the classical sense.""

I felt a shiver run down my spine. ""And what about the people I've met? Are they... fake too?""

The woman's expression turned serious. ""No, they're real. They're just... misplaced, I suppose. People who have died, but haven't been assigned to their final destination yet.""

Just then, a figure appeared before us. He was tall and imposing, with horns and a tail. I felt a surge of fear, but the woman beside me simply nodded in greeting.

""Ah, Bael,"" she said. ""I was just explaining to our friend here that this is not exactly heaven.""

Bael's expression turned stern. ""I see. And what did you tell them?""

The woman smiled. ""I told them it's a waiting room, a sort of limbo.""

Bael's eyes narrowed. ""I'm afraid that's not entirely accurate. This is, in fact, a place of great suffering. A place where souls are tormented and punished for their sins.""

I felt a chill run down my spine. ""What? But it's so... nice here!""

Bael's expression turned grave. ""That's exactly the problem. You're not paying attention. You're not seeing the true nature of this place. You're just... enjoying the scenery.""

I looked at the woman beside me, and then back at Bael. ""What do you mean?""

Bael's voice dropped to a whisper. ""You're in hell, my friend. And you're not even aware of it.""

I felt a wave of horror wash over me. I had been so blind, so oblivious to the true nature of this place. I looked around, and for the first time, I saw the darkness lurking beneath the surface. The flowers were not as sweet as they seemed, the birds not as melodious. This was hell, and I was trapped here, unaware of the true nature of my surroundings.

Bael's voice",transformers,/data2/yihewang/psychdepth_v2/models/model/arc_challenge_sft/sft/export/llama3.1-8b-arc-challenge,2025-05-02_07-27-17,43.48536682128906,558,1.0,
11,1,"I stormed into the Moon Goddess's throne room, my anger and frustration boiling over. ""You've got to be kidding me,"" I spat, slamming the locket down on the polished stone floor. ""A 14-year-old girl, defending the world against evil? Are you out of your mind?""

The Moon Goddess, serene and unflappable as ever, regarded me with a calm, ethereal smile. ""Ah, mortal father,"" she said, her voice like a gentle breeze on a summer's day. ""You would not understand the ways of the universe. Your daughter is strong, capable, and brave. She is a true hero.""

I snorted. ""A hero? She's a child! She's supposed to be in school, learning algebra and playing soccer, not fighting monsters and saving the world. What kind of mother lets her 14-year-old daughter put herself in harm's way like that?""

The Moon Goddess's smile never wavered. ""Your daughter is not just any child, mortal father. She is a Moon Princess, chosen by the gods themselves to wield the power of the locket. And as for me, I am not her mother. I am the guardian of the locket, and I have watched over your daughter since the day she was born.""

I glared at her, my anger and frustration still simmering. ""Well, you're doing a great job, aren't you? Letting her run around, fighting supervillains and getting hurt. What's next? Are you going to let her join the military too?""

The Moon Goddess's expression turned serious, and for a moment, I saw a glimmer of something like sadness in her eyes. ""I am not just a guardian, mortal father. I am a protector. And I will do whatever it takes to keep your daughter safe. But I must also teach her the ways of the world, and the power that lies within her. She is not just a child, but a hero, and heroes must be prepared to face the challenges that come their way.""

I shook my head, still trying to process the situation. ""I don't know what kind of world you live in, Moon Goddess, but in my world, 14-year-olds don't get to be heroes. They get to be kids, with childhoods and homework and sleepovers. They don't get to be put in harm's way, not like this.""

The Moon Goddess's smile returned, and she reached out a hand to touch the locket. ""Your daughter is not just a child, mortal father. She is a Moon Princess, and she will always be a hero. And as for you, I think it's time you learned to let go. Your daughter is growing up, and she needs your support, not your anger and frustration.""

I looked at her, feeling a mix of emotions: anger, frustration, but also a glimmer of understanding. Maybe, just maybe, the Moon Goddess was right. Maybe it was time for me to let go, and trust that my daughter was capable of handling whatever came her way. I took a deep breath, and nodded. ""Okay, Moon Goddess. I'll try. But next time, can you at least give me a heads up before you send her off to save the world?"" The Moon Goddess laughed, a sound like music, and nodded. ""I'll try, mortal father. But no promises."" And with that, the throne room began to fade away, leaving me standing alone, wondering what the future held for my brave, brave daughter.",transformers,/data2/yihewang/psychdepth_v2/models/model/arc_challenge_sft/sft/export/llama3.1-8b-arc-challenge,2025-05-02_07-28-00,42.435540199279785,561,1.0,
12,1,"I woke up to the darkness, my arm hanging limply over the side of the bed. The room was a void, a blackness so profound it felt like a physical presence. I lay there, my heart beating in the silence, waiting for my eyes to adjust. But even when they did, there was nothing to see. No moonlight, no streetlights, just an inky blackness that seemed to swallow all light.

And then, I felt it. A cold, clammy grip wrapped around my wrist. I froze, my mind racing with every worst-case scenario. I tried to shake it off, but the grip only tightened. Panic set in, my breath coming in short gasps. I was paralyzed, unable to move or speak.

But as I lay there, something strange happened. My hand began to respond, instinctively grasping back at the unseen force. I squeezed hard, trying to establish dominance, to show that I wasn't going to be intimidated. The grip didn't loosen, but I could sense a hesitation, a moment of uncertainty.

In that moment, I realized that I was playing a game. A game of power, of control, of who could outlast the other. I gritted my teeth, digging my fingers deeper into the darkness. The grip responded, tightening its hold. We were locked in a silent struggle, two unseen forces wrestling for dominance.

I thought back to all the times I'd been in situations like this, where I'd had to assert myself, to prove my worth. The first day of school, the first job interview, the first date. Every time, I'd had to put on a confident face, to show the world that I was in control. And now, in this dark, deserted room, I was doing it again.

But this time, it wasn't just about me. It was about the unknown, the unseen force that had taken hold of my wrist. What was it? A ghost? A demon? A manifestation of my own fears? I didn't know, and I didn't care. All I knew was that I had to win.

The grip tightened again, and I responded in kind. We were locked in a silent, invisible struggle, each of us trying to outdo the other. I could feel my heart pounding in my chest, my muscles straining with effort. And then, suddenly, it was over. The grip relaxed, and I was left lying there, my arm still outstretched, my hand still clenched into a fist.

I lay there for a long time, my heart still racing, my mind reeling with questions. Who was it? What was it? Why had it let go? But as the darkness began to recede, and the first light of dawn crept into the room, I realized that I didn't need to know. I had won, and that was all that mattered. I had asserted my dominance, proven my strength. And as I drifted off to sleep, I knew that I would face whatever came next with confidence, with courage, and with a firm, confident handshake. |",transformers,/data2/yihewang/psychdepth_v2/models/model/arc_challenge_sft/sft/export/llama3.1-8b-arc-challenge,2025-05-02_07-28-43,37.021907329559326,502,1.0,
13,1,"I stood in the bookstore, surrounded by the musty smell of old pages and the hum of quiet conversations. My eyes scanned the shelves, searching for a familiar title. And then, there it was. My partner's book, nestled between a bestseller and a debut novel. I felt a surge of pride as I reached for it, my fingers tracing the embossed cover.

I had always been supportive of my partner's writing, even when they were struggling to find their voice. I had read countless drafts, offered feedback, and listened to their frustrations. And now, here it was – their book, published and available to the world.

I flipped through the pages, taking in the professional layout and the crisp paper. It looked...different. Not at all like the scribbled notes and crumpled drafts they had shared with me over the years. I had always known that their writing was a bit rough around the edges, but I had never thought it was this...bad.

The writing was clunky, the sentences awkward and forced. The characters felt like cardboard cutouts, lacking any real depth or nuance. I felt a pang of disappointment, wondering how this had made it past the publisher's gatekeepers. Had they not read the same drafts I had? Had they not seen the same struggles and frustrations?

I turned to the back of the book, scanning the acknowledgments and author bio. My partner's name was listed, along with a few other familiar names – friends and family members who had been instrumental in their writing journey. I felt a twinge of guilt, remembering all the times I had encouraged them to keep going, to push through the doubts and fears.

As I stood there, holding the book in my hands, I couldn't help but wonder what my partner would think if they knew how I felt. Would they be hurt, or would they be relieved? Would they see this as a validation of their hard work, or as a betrayal of their trust?

I looked around the store, feeling a bit self-conscious. Other customers were browsing the shelves, oblivious to my inner turmoil. I took a deep breath, trying to shake off the feeling of unease. Maybe I was just being too harsh. Maybe this was a legitimate book, one that would resonate with readers in a way that my partner's drafts never had.

I placed the book back on the shelf, trying to be objective. As I walked out of the store, I couldn't help but feel a sense of detachment. This was my partner's book, after all. I would support them, no matter what. But as I looked back at the shelf, I couldn't help but wonder – was this really the best they had to offer? And if not, why had they settled for it?",transformers,/data2/yihewang/psychdepth_v2/models/model/arc_challenge_sft/sft/export/llama3.1-8b-arc-challenge,2025-05-02_07-29-20,32.69498872756958,468,1.0,
14,1,"The sun had barely risen over the small town, casting a pale light over the quiet streets. I stood in the kitchen, sipping my coffee, watching my wife, Sarah, as she mechanically went about her morning routine. It was a ritual we'd performed countless times before, but today felt different. Today, it felt like she was a stranger.

It had been six months since her sister, Emily, was murdered. A cold case that had left our small community shaken. Sarah had been devastated, and I'd done my best to support her through the darkest of times. But as the days turned into weeks, and the weeks into months, I began to notice a change in her. She'd become withdrawn, distant, and sometimes, downright strange.

At first, I'd attributed it to grief, thinking that she was still processing the loss of her sister. But as the days went by, I started to feel a growing sense of unease. It was as if she was hiding something from me, something she didn't want to confront.

I tried to brush it off, thinking that I was just being paranoid. But the feeling persisted. And then, yesterday, I stumbled upon an old family photo in the attic. It was a faded Polaroid, taken decades ago, but the image was etched into my mind like a branding iron.

Sarah, as a child, stood side by side with a girl who looked identical to her. Identical in every way. The same piercing green eyes, the same mischievous grin, the same messy brown hair. I felt a shiver run down my spine as I stared at the photo, my mind reeling with the implications.

They were twins.

I couldn't shake the feeling that I'd been living a lie. That everything I thought I knew about my wife was a fabrication. I felt like I was staring into the abyss, with no safety net to catch me.

As I stood there, frozen in shock, Sarah walked into the kitchen, a cup of coffee in her hand. She smiled at me, but it was a forced smile, one that didn't quite reach her eyes.

""Morning,"" she said, her voice barely above a whisper.

I tried to speak, but my voice caught in my throat. I couldn't bring myself to ask her the question that was burning inside me. Are you Emily?

Instead, I just stood there, staring at her, trying to reconcile the woman I thought I knew with the truth that was staring me in the face. The truth that she was a twin, a twin who had been murdered, and a twin who was now standing in front of me, pretending to be someone she's not.

I felt like I was trapped in a nightmare, with no escape. And as I looked into her eyes, I saw a glimmer of something there, something that looked almost like... guilt. But it was quickly replaced by a mask of innocence, a mask that I knew was a lie.

I knew then that I had to confront her, to ask her the questions that had been plaguing me for months. But as I opened my mouth to speak, I realized that I was scared. Scared of what I might find out, scared of what I might lose.

And so, I stood there, frozen in fear, as the truth hung in the balance, waiting to be revealed. Waiting to shatter the illusion that had been my life for so long. Waiting to expose the secrets that had been hidden in plain sight. Waiting to change everything. Forever.",transformers,/data2/yihewang/psychdepth_v2/models/model/arc_challenge_sft/sft/export/llama3.1-8b-arc-challenge,2025-05-02_07-29-53,41.94539761543274,596,1.0,
