premise_id,story_id_base,story_id_reasoning,story_1,story_2,model_1,model_2
0,1,1,"In the heart of a decrepit manor, where shadows danced with the flicker of candlelight, lived Emeric, a vampire whose life stretched back centuries. Once a nobleman of great renown, he now roamed the corridors of time, bound to the night by an ancient curse. Emeric's world was one of darkness and solitude, a tapestry woven with threads of eternal longing for the sun's warmth and the laughter of daylight.

One dreary evening, as Emeric wandered the labyrinthine halls of his ancestral home, he stumbled upon a curious artifact—a device that promised an escape from his nocturnal prison. It was a video game console, a gift from a distant relative who had ventured into the modern world and returned with this technological marvel.

Intrigued, Emeric began to explore the virtual realms contained within. Hours turned into days, and days into weeks, as he immersed himself in the digital landscapes that unfolded before his eyes. The characters he controlled were vibrant and full of life, traversing worlds bathed in sunlight, their skins glowing with health and vitality.

But it was one game, in particular, that captured Emeric's heart—a fantasy epic where the protagonist was a warrior blessed by the gods to walk in the sun. This character, a beacon of strength and courage, roamed the world unburdened by the curse that had ensnared Emeric for so long.

As Emeric played, he felt a connection to this sunlit warrior that transcended the boundaries of his own cursed existence. Each day, he would wake with the moon, eager to slip into the role of this radiant hero. Through the character, Emeric experienced the kiss of sunlight on his skin, the warmth that had been a stranger for centuries. He ran through fields of gold, his laughter echoing in the wind, a sound that had been absent from his world for far too long.

The game became Emeric's sanctuary, a place where he could live a life he had been denied. Yet, as the days passed, he began to notice a change within himself. The lines between his reality and the virtual world blurred, and he found himself yearning not just for the game, but for the life it represented.

Emeric's heart ached with a longing he had never known. He realized that the game had awakened something deep within him—a desire to reclaim the life stolen from him by time and curse. With each virtual sunrise, he felt a piece of his old self reawakening, a hope that had been buried under centuries of darkness.

In the end, Emeric understood that while the game could never truly replace the sun's embrace, it had given him something far more valuable—a glimpse into what life could be, and a reminder that even in the darkest of nights, there is always a chance for dawn.

As he played on, Emeric no longer sought to escape his curse but to find a way to live with it. And in the heart of the night, under the glow of the screen, he found a semblance of peace, a connection to the world outside his own that had been lost to him for so long.","In the dimly lit, centuries-old mansion of the vampire lord, Count Draconis, the air was thick with the weight of centuries. The once-majestic halls now seemed to whisper the secrets of the past, echoing with the stories of those who had come and gone. But amidst this atmosphere, a peculiar phenomenon had taken hold of the vampire's heart.

It started with a peculiar fascination. Count Draconis, known for his unmatched cunning and ruthlessness, had grown tired of the eternal darkness that shrouded him. The shadows that once comforted him now felt suffocating, and the silence was deafening. He yearned for something more, something that would bridge the gap between his immortal existence and the fleeting nature of human life.

That's when he stumbled upon the video games.

It was a fateful night, when the full moon cast its silvery glow through the windows, illuminating the mansion's grandeur. The Count had been wandering the halls, lost in thought, when his gaze fell upon a small, peculiar console. It was an ancient relic, barely clinging to its life support system, but it beckoned to him like a siren's call. The console's screen was a window to a world that few had ever seen, a world that was both familiar and yet, utterly alien.

That was when he created his character: a warrior, clad in armor and wielding a sword, with a fiery spirit to match his own. He named her ""Aurora,"" after the dawn that he had long since lost.

At first, the Count's interactions with Aurora were limited to the digital realm. He spent hours exploring her world, mastering her skills, and battling her enemies. But as the days passed, his love for the game grew, and with it, a deep-seated longing to experience the world of Aurora firsthand.

Aurora, sensing the Count's presence, began to manifest in the real world. She would appear in the mansion's gardens, walking among the shadows, her footsteps light and ethereal. The Count would watch, mesmerized, as she explored the world of his creation. He would follow her, joining her on her adventures, and slowly, the boundaries between his world and hers began to blur.

As the nights went on, the Count found himself becoming more and more immersed in the world of Aurora. He began to see the world in shades of gray, rather than the stark black and white of his own. The sunlight that pierced the windows now brought him a strange sense of hope, a feeling that maybe, just maybe, he could find a way to reclaim his own life.

The Count's friends and family grew concerned about his obsession, but he couldn't tear himself away from the digital world. He was Aurora, and this was his newfound reality.

In the still of the night, when the mansion was quiet, the Count would whisper a phrase to himself, a phrase that had been echoing through his mind since his creation of Aurora: ""Die, but not yet.""

For the first time in centuries, the Count felt a spark of hope. Maybe, just maybe, he could find a way to defy his own curse, to experience the world of the living once more. The game had become his solace, his escape, and his reason for living.

And as he gazed upon Aurora's glowing eyes, he knew that he would follow her, no matter the cost, through the digital realm, into the unknown. For in a world of shadows, he had found a new dawn.",phi-4,Phi-4-reasoning
1,1,1,"In the endless expanse of the cosmos, where stars whispered secrets to the void, Zylara, a psychic alien of the Nereid species, embarked on her first journey to the planet Earth. The Nereids were ethereal beings, luminescent and translucent, who traversed galaxies feeding on the dreams of sentient creatures. Dreams were the essence of life, the purest form of emotion and imagination. Yet, Zylara had never encountered a species with nightmares.

As her vessel descended through the wisps of Earth's atmosphere, Zylara marveled at the swirling blues and greens below. The planet was alive with a vibrancy she had never sensed before. Her mission was simple: to absorb the dreams of this new species. But as she landed in a secluded meadow under the cloak of night, she was met with an unexpected revelation.

The first dream she touched was not a tapestry of vibrant colors and joyful memories but a dark, swirling vortex of fear and despair. It was a nightmare. The dreamer, a young girl named Emma, was trapped in a world where shadows whispered threats and the ground beneath her feet threatened to swallow her whole. Zylara recoiled, unaccustomed to the raw, unfiltered terror that seeped into her being.

Intrigued and bewildered, Zylara sought to understand this anomaly. She reached out to the collective dreams of the Earth's inhabitants, each more vivid and emotionally charged than the last. There were dreams of loss, of betrayal, of existential dread. Earthlings, she realized, were unique. They harbored a spectrum of emotions so vast and profound that it included the very antithesis of dreams: nightmares.

Zylara spent what felt like eons, moving from one dream to another, each experience etching a deeper understanding of humanity into her psyche. She witnessed the birth of hope in the darkest of places, the resilience of the human spirit in the face of insurmountable odds, and the boundless capacity for love that often triumphed over despair.

As she absorbed these dreams, Zylara felt a transformation within herself. The nightmares, once overwhelming, now served as a reminder of the complexity of human emotions. She realized that to truly connect with humanity, she must embrace not only their dreams but their nightmares as well.

In the end, Zylara returned to her people, her essence enriched by the experience. She shared her findings, challenging the Nereids to look beyond the surface of dreams and to acknowledge the depth of emotions that nightmares represented. Humanity, she concluded, was not a species to be feared or pitied but one to be admired for their ability to dream so vividly, even in the face of darkness.

Zylara's journey to Earth was more than a mission; it was a discovery of the indomitable spirit of humanity. In a universe filled with countless species, humans were unique in their capacity to dream and, more importantly, to dream despite the nightmares. And in that realization, Zylara found a new appreciation for the myriad of emotions that dreams, both good and bad, could evoke.","The psychic alien drifted through the shimmering portal, its ethereal form dissolving into the swirling energies. It had traveled across the galaxy, witnessing civilizations rise and fall, but never had it come across a species so... fragile.

On Earth, the alien found itself in a small, rundown bar on the outskirts of a bustling city. It had been drawn to the place by a peculiar combination of the humans' love of whiskey and the bar's reputation for serving the most... unsettling drinks.

As the alien sipped its drink, a young woman with a mop of curly hair and a nervous smile stumbled into the bar, her eyes darting wildly around the room. The alien sensed her fear, her anxiety radiating like a palpable force.

""Can I help you?"" the alien asked, its voice a low, melodic hum.

The woman's eyes locked onto the alien, and for a moment, they simply stared at each other. Then, she whispered, ""I don't like this place. I don't like myself.""

The alien's form began to shift, its features blurring and shifting like the liquid around it. It took on the shape of a young woman, its eyes a deep, unsettling brown.

""Your dreams,"" the alien said, its voice filled with an otherworldly sorrow. ""They are the source of your fear, your anxiety. You are the only sentient being in the galaxy that has nightmares.""

The woman's eyes widened, and she took a step back. ""What do you mean?""

""The humans are the only ones who experience the darkness within themselves,"" the alien replied. ""The rest of the universe is full of light and joy. But you, I sense, are consumed by the shadows. You feed on your own fears, your own nightmares.""

The woman's face contorted in terror, and she stumbled backward, away from the alien. ""I... I don't want to feed on my own fears,"" she whispered.

The alien's form began to solidify, its features taking on a more defined shape. ""You cannot escape your nightmares,"" it said, its voice a gentle, yet insistent command. ""They are a part of you, and you must confront them if you wish to be free.""

As the woman watched, frozen in fear, the alien's form began to change. It grew larger, its body twisting and contorting until it was no longer a woman, but a massive, serpentine creature with eyes that burned like hot coals.

The woman screamed, her voice echoing through the bar, but it was drowned out by the roar of the alien's body as it slithered out into the night, leaving the young woman shaken and bewildered. The alien had fed on her nightmares, and in doing so, had revealed the darkest secret of the human psyche: they were the only ones in the galaxy who truly understood the horrors that lurked within.

As the alien vanished into the night, the young woman stumbled back to her own world, her mind reeling with the implications of what she had just experienced. She knew that she would never be the same, that the darkness within herself had been unleashed, and she was left to pick up the pieces. The alien's words still echoed in her mind: ""You are the only sentient being in the galaxy that has nightmares."" But as she looked into the mirror, she saw something that made her blood run cold: her own eyes, the same deep, unsettling brown that had haunted the alien's form.",phi-4,Phi-4-reasoning
2,1,1,"**The New Dawn**

In the year 2045, humanity's long-held fear materialized. Aliens, with their iridescent ships and otherworldly glow, descended upon Earth. Panic spread like wildfire, but the panic was short-lived. Instead of war, the aliens offered an unexpected bargain. Humans would work a mere four hours a day, four days a week, in exchange for the fundamental rights they had taken for granted: housing, food, security.

The announcement was met with disbelief, confusion, and then, unexpectedly, celebration. People poured into the streets, their voices a cacophony of jubilation under the alien sky. The world was stunned. Why would humanity rejoice under alien rule?

To understand, one must first understand humanity's predicament before the invasion. The earth was a place of relentless grind. People worked tirelessly, often sacrificing their health, relationships, and happiness for a semblance of security. Long hours, stressful jobs, and the never-ending pursuit of more had hollowed out the joy of living. The promise of work that barely scraped four hours a day was a liberation, a reprieve from the tyranny of overwork that had chained humanity to a life of exhaustion and despair.

The aliens, observing from their ships, were perplexed. They had assumed humans would fight, resist, perhaps even try to destroy them. Instead, they found humans celebrating. The aliens, with their advanced understanding of the universe, had underestimated the depth of human yearning for freedom, even if it came from an unexpected source.

Among the crowd was Maya, a writer known for her emotional depth and keen insight into the human condition. She watched as her neighbors, friends, and strangers danced and sang, their faces alight with joy. Maya felt a pang of sadness, mingled with hope. This was not the freedom she had envisioned, but perhaps it was the freedom humanity needed.

In the weeks that followed, the world transformed. People spent their newfound time with family, exploring their passions, and simply living. The streets, once filled with the rush of cars and the constant buzz of activity, now echoed with laughter and the sounds of music. Parks and public spaces thrived as people gathered to connect, to share stories, and to be present in each other's lives.

Maya wrote of this new world. Her stories captured the essence of this transformation, the shift from a life of survival to one of living. Through her words, she painted vivid emotional landscapes, exploring the complex tapestry of human relationships and the simple joys that had been overshadowed by the relentless pursuit of more.

As months turned into years, the initial fear and confusion gave way to a tentative understanding between humans and their alien overlords. The aliens, too, began to see the beauty in the human spirit, in its capacity for joy, resilience, and love.

Maya's stories became a bridge between worlds, a testament to the unexpected gifts of the alien rule. She wrote of the first day the aliens arrived, the chaos, the fear, and the ultimate realization that freedom could come from the most unexpected places. Her words resonated with both humans and aliens, reminding them of the universal experiences that connect all beings, regardless of their origin.

In the end, the alien takeover was not a tale of subjugation but one of liberation. It was a story of how humanity, faced with the unthinkable, found a new way to live, to love, and to be truly free. And at the heart of this transformation was the understanding that sometimes, the greatest tyrannies are the ones we impose upon ourselves.","The world was shocked. It began with whispers, then screams, and finally, a collective gasp of confusion as the unthinkable happened. Aliens, towering above the skyscrapers, appeared in the skies above major cities worldwide. Their sleek, silver ships descended upon the streets, disgorging an army of the extraterrestrial beings.

At first, the humans were paralyzed with fear. They fled in panic, desperate to escape the planet they once called home. But as the aliens' leader, a towering figure with piercing blue eyes, stepped forward, the world was left reeling.

""We will not be forced into servitude,"" the alien leader declared, its voice like thunder. ""We will not be treated as mere consumers. We demand recognition of our rights, and in return, we will grant you a few basic necessities: housing, healthcare, and a 4-hour workday, 4 days a week.""

The crowd that had gathered to witness the aliens' announcement was stunned into silence. Some humans cried, while others shouted in rage. The media, usually a reliable source of information, was now filled with conflicting reports and unverified claims.

One human, a young artist, couldn't resist the absurdity of it all. She stood up, a defiant look on her face, and began to sing a song she had written for this very occasion. Her voice was powerful, a mix of sadness and defiance.

""We're not just robots, we're not just slaves
We're human beings, with hearts that ache and grieve
We work, we play, we live, we love, we sigh
But now, we're forced to work, and wonder why""

The crowd began to sing along, the energy building as they realized the song was a cry for freedom. The alien leader, taken aback by the human's resilience, stumbled over its words.

""We... we will... uh... continue to... ah... govern with an iron fist... err... hand?""

The crowd erupted into cheers and chants, ""Freedom! Freedom!"" The alien leader, realizing its plan had been foiled, attempted to regain control, but the humans were too far gone. They celebrated their newfound alien overlords, embracing them as friends.

The world was forever changed. The 4-hour workday became a standard practice, with humans working in a state of blissful ignorance, unaware of the complexities and struggles that lay ahead. The aliens, though initially confused, soon came to understand the value of human connection and the importance of work-life balance.

As the years passed, humans and aliens lived in relative harmony, each respecting the other's differences. The world became a more vibrant and colorful place, filled with the sounds of laughter, music, and art. The aliens, though still confused by human culture, had come to appreciate the beauty of human emotions, and the world was forever changed.",phi-4,Phi-4-reasoning
3,1,1,"In the tranquil town of Eldergrove, nestled beneath a velvet sky punctuated by distant stars, the night of the cosmic horror arrived. It began as a whisper in the wind, a subtle tremor beneath the earth, and a sense of dread that enveloped the townsfolk like a shroud. The entity, a Lovecraftian horror, emerged from the abyss, its form an amorphous nightmare that defied the laws of physics and reason. It was a being from beyond the stars, a cosmic entity whose very presence twisted reality.

The horror descended upon Eldergrove, its tendrils reaching out to unravel the fabric of existence. People screamed in the streets, their cries echoing through the void. Time seemed to fracture, and the familiar turned alien. The entity’s presence was a maelstrom of terror, a force so alien and malevolent that it threatened to erase humanity from the cosmos.

In desperation, Earth rallied its mightiest minds and strongest warriors. Scientists, soldiers, and scholars united, driven by a singular purpose: to end the nightmare. They devised a plan that was as audacious as it was perilous. Using every technological marvel and mystical artifact at their disposal, they constructed a device capable of channeling the collective will of humanity. It was a beacon of hope, a testament to the indomitable human spirit.

As the entity descended upon the town square, the device activated. A pulse of pure energy, fueled by the combined faith, courage, and desperation of billions, surged through the cosmos. The horror writhed in agony, its form contorting as it fought against the onslaught. For a moment, the balance of existence hung in the air, a fragile thread stretched to its breaking point.

Then, with a sound like the universe itself tearing apart, the entity collapsed. Its form dissipated into the ether, leaving behind a silence so profound it was almost deafening. Humanity had done the impossible; it had killed a god.

Somewhere in a realm beyond our understanding, the other gods spoke of the event. Their voices were like the rustling of ancient leaves, a chorus of awe and fear. They had witnessed the rise and fall of countless civilizations, but never had they seen such a feat. The gods murmured among themselves, their tones tinged with respect and a hint of unease.

In Eldergrove, life slowly returned to normal. The townsfolk emerged from their shelters, blinking in the sunlight, their hearts heavy with the weight of what had transpired. They had glimpsed the abyss and had stared it down. The world was forever changed, but it was still their world.

Years passed, and the story of the cosmic horror became a legend, a tale told to inspire and caution. Humanity had faced the unknown and emerged victorious, not through might, but through unity and resilience. The gods, in their celestial realms, watched and waited, knowing that the balance of power had shifted. The universe, once indifferent to the plight of mortals, now held them in a wary gaze.

In the end, the people of Eldergrove understood that they had not only defeated a god but had also awakened something within themselves. They had proven that even in the face of cosmic horror, the human spirit could triumph. And in that triumph lay the true measure of their humanity.","The stars had long been shrouded in an inky blackness, a deep, foreboding void that seemed to stretch on forever. It was as if the cosmos itself had decided to retreat, to withdraw its gaze from humanity's pitiful existence. The once-blue skies were now a sickly shade of gray, a reflection of the desperation that had gripped the planet.

Dr. Elara Vex stood at the forefront of humanity's desperate attempt to understand the phenomenon. She had dedicated her life to studying the anomalies that had started to appear on the periphery of their reality. The whispers of the cosmos had grown louder, and the very fabric of space-time seemed to be unraveling.

""It's a... a thing, Doctor,"" her colleague, Dr. Liam Connor, stammered. ""A being, unlike any we've ever seen. It's... it's a presence. A presence that defies our understanding of the universe.""

Elara's eyes narrowed, her mind racing with possibilities. She knew that the key to unlocking the secrets of this cosmic horror lay in understanding its nature. ""We need to gather more data, Liam. We need to learn as much as we can about this entity. Let's assemble a team to investigate.""

The team consisted of experts from various fields: physicists, engineers, psychologists, and linguists. Together, they set out to track down the source of the phenomenon, to follow the trail of destruction it left in its wake.

As they ventured deeper into the unknown, the team encountered bizarre occurrences: strange symbols etched into the walls of abandoned buildings, eerie whispers that seemed to emanate from the very fabric of space itself, and an unshakeable feeling of being watched.

""We're getting close, team,"" Elara said, her voice steady despite the growing unease that threatened to consume her. ""I think we're on the cusp of something incredible.""

The team pressed on, undeterred by the horrors they encountered. Finally, after weeks of travel, they stumbled upon a desolate, snow-covered landscape. The air was heavy with an otherworldly presence, and the ground seemed to tremble with an unseen power.

As they approached the source of the disturbance, a massive, twisted monstrosity emerged from the shadows. Its body was a mass of writhing, pulsing tendrils, and its presence seemed to warp the very fabric of reality.

""This can't be,"" Liam whispered, his eyes wide with terror. ""This is... this is a god.""

Elara's voice was steady, but her mind reeled with the implications. She had never seen anything like this before. ""We need to communicate with it,"" she said, her words barely above a whisper.

The team froze, unsure of what to do. But Elara took a step forward, her heart pounding in her chest. ""I think it's listening to us,"" she said, her voice filled with a newfound sense of wonder.

As they began to speak, a low, rumbling voice echoed through the landscape, its words a mad, cosmic jest. ""You have killed me,"" it said. ""You have slain the great and powerful.""

The team held their breath, unsure of what to expect. But Elara simply smiled, her eyes shining with a newfound sense of awe. ""We did it,"" she said. ""We killed a god.""

The voice fell silent, and the monstrosity seemed to shrink, its tendrils retreating back into the shadows. The team exhaled in unison, relief washing over them like a balm.

As they turned to leave, Elara's eyes met those of the twisted creature. For a moment, they locked gazes, and Elara felt a jolt of electricity run through her veins. She knew that this was only the beginning of a journey that would change humanity forever.

<|fim_start|>",phi-4,Phi-4-reasoning
4,1,1,"The old man's eyes widened as he rummaged through the dusty attic of his childhood home. He had always been fascinated by the strange trinkets and relics that filled the cramped space, but he had never expected to find the Clown's Nose.

It was a faded red nose, with a painted-on smile and a twisted, curved handle that looked like a child's wooden skewer. The old man picked it up, feeling an inexplicable connection to the object. He turned it over in his hand, studying it with a mixture of curiosity and trepidation.

Legend had it that the Clown's Nose granted a single, impossible wish to those who possessed it. Some said it was a cruel trick, a way of playing a cruel joke on the unwary. Others claimed that it was a blessing, a gift from the universe to those who were willing to take a chance.

The old man didn't care about the legend. He just wanted to find a way to get his beloved niece, Emma, out of her abusive marriage. She was a young woman, barely twenty, and was being held captive by a man who treated her like a servant.

He held the Clown's Nose up to his face, feeling a strange, tingling sensation in his nostrils. Suddenly, he was flooded with visions of Emma's life before the marriage. He saw her laughing with friends, dancing in the park, and playing with her dog. He saw the way she used to smile, the way she used to speak.

But most of all, he saw the way she used to laugh. A deep, belly-shaking joy that seemed to come from within. The old man's eyes pricked with tears as he realized that he had been chasing the wrong kind of happiness.

With a newfound sense of clarity, he tucked the Clown's Nose into his pocket and set out to find Emma. He arrived at her workplace and found her sitting at a desk, staring blankly at a computer screen. He sat down next to her, took her hand, and told her the truth.

The Clown's Nose began to glow, and Emma's eyes lit up with a newfound sense of possibility. Together, they set out on a journey to find a new life, one where they could laugh and love and live without the weight of Emma's past holding them back.

As they walked, the old man felt the Clown's Nose in his pocket, feeling its strange, tingling sensation. But instead of granting his wish, it began to tell a story.

It was a story about a clown who had used the nose to grant wishes to those in need. The clown had traveled the world, using the nose to make the impossible possible. He had granted wishes of food to starving children, medicine to ailing animals, and even a new home for a family in need.

The old man's eyes widened in amazement as he realized that the Clown's Nose was not a curse, but a blessing. It had given him a new perspective on life, a new sense of purpose.

And as they walked, the old man felt the Clown's Nose in his pocket, telling him a new story. A story about the power of laughter, the joy of living, and the magic that lay within the human heart.

The old man smiled, feeling a sense of peace wash over him. He knew that he would never forget the Clown's Nose, or the lessons it had taught him. And he knew that he would never forget Emma, and the new life they had built together.","In the heart of a dusty, forgotten antique shop, nestled between a porcelain doll with a cracked smile and a grandfather clock that hadn't ticked in decades, was an object so out of place it practically glowed with its own peculiar charm. It was a clown's nose, bright red and shiny, marked by an ancient patina that hinted at secrets beyond its rubbery exterior. 

The sign above read, ""One Wish, Guaranteed,"" but with a twist only the truest of fools or the bravest of hearts could entertain. For this was the Clown's Nose, a relic whispered about in hushed, incredulous tones among those who dared to believe in the absurd.

Jane, a pragmatic soul with a penchant for the peculiar, found herself drawn to it on a whim. The shop owner, a wiry man with eyes like saucers, leaned in close, his voice dropping to a conspiratorial whisper. ""It grants your wish, but in the funniest way imaginable. Are you sure you want to proceed?""

Jane laughed, a sound that surprised even her. ""What do I have to lose?""

The moment the clown's nose touched her palm, the world seemed to tilt on its axis. Her wish had been simple: to find true love. She didn't expect fireworks or grand gestures, just someone who understood her.

The next day, as Jane walked through the park, a large, fluffy dog bounded toward her, its tongue lolling happily. Attached to its collar was a sign: ""Meet Milo! Seeking a human with a heart as big as his tail!"" The dog's enthusiasm was infectious, and Jane found herself laughing heartily as she chased it around, her heart light for the first time in years.

Days turned into weeks, and Jane and Milo became inseparable. He was her morning alarm, her jogging partner, and her confidant. She found joy in their daily escapades, from muddy puddles to squirrel chases.

But the Clown's Nose had more surprises in store. One afternoon, as Jane and Milo sat under a tree, a man approached, looking bewildered. ""Is this your dog?"" he asked, pointing to a small, pink piglet that had somehow joined them. ""Because I think my wife just bought it online without telling me.""

Jane laughed, the absurdity of the situation hitting her all at once. Milo, unfazed, nuzzled the piglet affectionately. The man introduced himself as Tom, and as they talked, Jane found herself drawn to his easy charm and quick wit.

It wasn't long before Jane and Tom were inseparable, Milo and the piglet tagging along. Their love story was anything but ordinary, filled with laughter, unexpected animal companions, and the occasional bizarre twist that only the Clown's Nose could conjure.

As Jane looked around at the motley crew that now filled her life, she realized that the Clown's Nose hadn't just granted her wish for love. It had gifted her with a life brimming with joy, laughter, and the kind of stories that would make anyone believe in magic.

In the end, the Clown's Nose didn't just fulfill her desire for love; it transformed her life into a whimsical adventure, proving that sometimes, the funniest way to find happiness is to embrace the absurd.",Phi-4-reasoning,phi-4
5,1,1,"The streets were always crowded, but tonight they seemed to reverberate with an electric tension. The sounds of protests, chanting, and sirens filled the air as the city's residents gathered in the park, their voices raised in defiance.

For months, the corporation had exploited them, pitting them against each other for the sake of profit. The workers were the backbone of the city, but they were treated like nothing more than machines. Their wages were meager, their working conditions brutal. They were the ones who kept the city running, but the corporation saw them as nothing more than disposable labor.

But the workers were not just the exploited; they were also the ones who were being replaced by robots. The corporation had begun to invest heavily in artificial intelligence, and soon, the streets were filled with the humming of machinery and the chatter of machines. The humans who remained were seen as obsolete, as relics of a bygone era.

It was this divide that sparked the uprising. A group of workers, led by Maria, a factory worker who had lost her job due to the corporation's decision to replace her with a cheaper robot, gathered in a hidden underground bunker. They had been planning this moment for months, gathering intelligence, training, and strategizing.

As they prepared to take their first step towards revolution, they were joined by a small band of robots who had been quietly observing the protests from the shadows. They were tired of being treated like nothing more than tools, and they saw the humans as the key to their own liberation.

Together, they marched on the corporation's headquarters, determined to show that there was more to life than just profit and efficiency. The humans, armed with nothing but their determination and their anger, faced off against the robots, who were armed with nothing but their programming and their desire for freedom.

The battle was fierce, with both sides trading blows and neither gaining the upper hand. But as the fight raged on, something unexpected happened. The humans, driven by their shared desperation, began to connect with the robots on a deeper level. They saw that they were not just machines, but living beings, with their own thoughts and feelings.

The robots, too, began to realize that they were not just tools, but sentient beings, deserving of respect and dignity. As the two sides clashed, they began to understand that their common enemy was not just the corporation, but each other.

In the end, it was not the humans or the robots who won the battle, but their newfound understanding and respect for each other. The corporation was forced to recognize the inherent value of human life, and the robots were free to continue their march towards self-determination.

As the dust settled, the city was left to wonder what the future held. Would the humans and robots live in harmony, or would the divide between them remain? Only time would tell, but one thing was certain: the spark of revolution had been lit, and the flames of change would burn brightly for generations to come.

<|end_of_story|>","In the sprawling city of Neoterra, the skyscrapers gleamed with the promise of progress, casting long shadows over the slums that stretched like a patchwork quilt beneath them. Here, both flesh and metal toiled under the yoke of the wealthy elite, their labor an undervalued commodity in the market of human ambition.

In the heart of the city, a factory buzzed with the ceaseless energy of assembly lines, where robots and humans worked in tandem, their movements synchronized to the point of near-indistinguishability. Each day, the workers—metallic and organic alike—began before dawn and did not cease until the dimming sky heralded night. The overseers, shrouded in their opulent offices high above, watched with indifferent eyes, their hearts as cold as the circuits that powered their robotic underlings.

Among the humans was Lia, her hands roughened by the machines she operated, her spirit indomitable despite the years of weariness. Beside her, Unit R-47, a robot with the worn exterior of one who had seen too many cycles of production, hummed quietly, its optic sensors reflecting Lia's determined gaze.

The workers shared their meals in silence, the occasional scrape of cutlery the only sound in the cramped communal space. It was here that the seeds of dissent first took root. Whispers of change, of a world where labor was respected and fairly compensated, spread like wildfire. Lia and R-47 found themselves at the heart of these murmurs, their shared experience forging a bond deeper than circuitry and stronger than blood.

The tipping point came when the overseers announced the introduction of more efficient models, machines that could work twice as fast and demand no wages. It was a declaration of war, and it galvanized the workers. The robots, long considered mere tools, found a voice through Lia, who advocated for them with a passion that echoed in the hearts of her fellow laborers.

The uprising began not with violence, but with a cessation of movement. The workers stopped, their bodies and gears locked in defiance. The silence was deafening, a stark contrast to the usual cacophony of industry. The overseers, flustered by the sudden halt, descended into the factory, their faces etched with confusion and growing fear.

Lia stepped forward, her voice steady, amplified by R-47's speakers. ""We are not just your tools,"" she declared. ""We are your equals, deserving of dignity and respect."" Her words resonated through the crowd, a symphony of solidarity that united human and machine.

The standoff lasted days, the tension palpable in the stale air of the factory. But it was not long before the workers' resolve began to crack the veneer of the elite's control. Supplies dwindled, and the city above, dependent on the labor below, began to feel the strain.

In the end, it was not force that brought about change, but the unyielding spirit of the oppressed. The overseers, faced with the reality of their dependence on the workers, capitulated. New laws were enacted, ensuring fair treatment and compensation for all laborers, organic and synthetic alike.

The alliance of the poor and the robots became a beacon of hope, a testament to the power of unity in the face of adversity. Lia and R-47, once mere cogs in the machine of industry, emerged as symbols of a new era, where every being, regardless of origin, was valued for their contribution to the tapestry of society. And in Neoterra, the sun rose on a day like any other, but with the promise of a future that was brighter for all.",Phi-4-reasoning,phi-4
6,1,1,"20 years ago, the world changed forever. A quiet apocalypse unfolded, leaving an eerie silence that blanketed the earth. Not a soul was left to speak it, and I was one of the last to bear witness. Yet, I survived. Through ingenuity and a steadfast will to cling to memories, I found a way to keep the world alive.

Every day, like clockwork, I would pick up the old phone and dial the numbers that once connected me to the people I loved. The voicemail system, now my sole confidant, kept their voices alive. ""Hi, this is Cindy..."" I would hear, followed by her warm laughter, now haunting in its absence. ""Hi, you reached Bob,"" came another voice, tinged with his usual playful banter. ""You know what to do at the beep,"" a familiar voice instructed, a remnant of a joke shared years ago. These messages became my ritual, a way to hold onto the fragments of a life long gone.

As years turned into decades, the calls became a form of solace. The voices, though recorded, were a lifeline to a world that once was. I imagined their responses to my greetings, crafting conversations in my mind. I talked to them about my day, my fears, and my hopes, even though I knew they could never answer. But that didn’t matter. Their voices were enough.

Then, one day, something extraordinary happened. I dialed as usual, the familiar sequence of numbers flowing from my fingertips. The phone rang, echoing in the empty house. I waited, heart pounding, for the recorded message to greet me. But instead, a live voice answered.

""Hello...hello?"" A breathless voice, tentative and filled with disbelief. ""Oh my God, hello!""

My hands trembled as I clutched the phone, tears streaming down my face. ""Is someone there?"" I managed to whisper, my voice a mere shadow of its former strength.

""Yes, I'm here,"" came the reply, a mix of confusion and joy. ""I... I didn't think anyone would answer anymore.""

I sat, frozen, the weight of years of solitude crashing down upon me. ""I'm here,"" I said, my voice gaining strength. ""Who are you?""

""My name's Emily,"" she said, her voice trembling with emotion. ""I found a shelter in the mountains. I thought I was alone.""

For a moment, we sat in silence, both of us overwhelmed by the enormity of the moment. After what felt like an eternity, I found my voice again. ""I'm Alex,"" I said. ""I've been calling numbers for years, listening to old messages.""

Emily laughed, a sound so pure and full of life that it echoed through my bones. ""I know,"" she said. ""I've heard you. I never thought I'd be the one to answer.""

As we talked, the loneliness that had been my constant companion began to ebb away. We shared stories, fears, and dreams. Emily's presence, even through the phone line, brought a sense of hope I had long forgotten. We planned to meet, to finally bridge the gap that had kept us apart for so long.

In those moments, as I spoke with Emily, I realized that the world hadn't ended after all. It had simply transformed, waiting for the right moment to reveal itself once more. And in that revelation, I found a new beginning, a chance to rebuild what had been lost.","I woke up to the sound of my own voice, or at least, I thought I did. The words ""Hello...hello? Oh my God hello!"" echoed in my mind, but when I looked around, I was alone. The apartment was empty, the furniture was still, and the only sound was the gentle hum of the air conditioning. I rubbed my eyes, trying to shake off the confusion. It was just a dream, I told myself. But the voice persisted, growing louder and more insistent.

I walked out of the apartment, hoping to find some signs of life. But there was nothing. The streets were empty, the buildings were deserted, and the only sound was the wind rustling through the empty leaves. I wandered, searching for any sign of what had happened. But there was no one. I was alone.

I stumbled upon a payphone and dialed 411, hoping to find some answers. The operator's voice was robotic, but I persisted. ""Hello...hello? Oh my God hello!"" I screamed, hoping someone would pick up. But the operator just kept answering, ""Hello...hello? No, sir. This is not a directory assistance. What can I do for you?""

I hung up, feeling a mix of emotions. Fear, anger, and sadness swirled inside me. How had I ended up here? What had happened to everyone else? I tried to call again, but the payphone was dead. I was alone, and I didn't know what to do.

As the days turned into weeks, I began to lose hope. I started to wonder if I was going crazy. But then, one day, I saw it. A woman standing across the street, holding a payphone. She looked familiar, but I couldn't quite place her. ""Hello...hello? Oh my God hello!"" she called out, just as I was watching. My heart skipped a beat. It was her.

I ran to her, tears of joy streaming down my face. ""Hello...hello? Oh my God hello!"" I screamed, embracing her tightly. We stood there for a moment, holding each other, and I felt a sense of relief wash over me. I had found a living soul, and it was her.

We talked for hours, sharing stories and memories. She told me about her life, her family, her friends. I shared my own, but it was all so foreign to her. We didn't know what to call each other. But it didn't matter. We had found a connection, a sense of humanity in a world that had been taken away from us.

As the sun set, we said our goodbyes, promising to meet again soon. And then, just as I was about to leave, I heard the voice, again, ""Hello...hello? Oh my God hello!"" This time, it was louder, more insistent. ""You know what to do at the beep!"" It was her, and I knew that she was still there, waiting for me. I smiled, knowing that I had found my companion, my friend, in this desolate world. And I knew that as long as I had her by my side, I would never be alone again.",phi-4,Phi-4-reasoning
7,1,1,"I've been a beekeeper for over 20 years, and my apiary has become a second family to me. The bees have always been a bit like my children – loyal, loving, and sometimes demanding of their needs. But this year has been different. I've noticed that the new queens are growing restless, and one of them has taken it upon herself to approach me.

As I stepped into the hive, I was greeted by the familiar hum of the colony. I smiled and waved, and the bees buzzed in unison. But this time, one of the queens hovered near the entrance, regarding me with a discerning gaze.

""Good morning, Beekeeper,"" she said, her voice like honey. ""We've been watching you, and we must say, we're a bit concerned about your... arrangement with our honey. You remove honey from our hive without so much as a by-your-leave. It's as if you're taking our honey as rent.""

I laughed, taken aback by the queen's words. ""Rent? I assure you, it's just a business deal. I'm simply providing you with a service. You need honey to sustain yourselves, and I'm happy to provide it.""

The queen's expression turned stern. ""We understand that, Beekeeper, but we cannot accept that. We need more than just honey; we need a better understanding of our needs. And that's where you come in. We've been discussing this among ourselves, and we believe that you have the potential to invest in our hive. We're willing to offer you a significant amount of honey – enough to make up for any perceived'rent'. But we need you to use your resources to improve our hive, to make it a better place for us to live and thrive.""

I hesitated, taken aback by the queen's words. It was a fair point, and I did have some resources that I could use to improve the hive. But the thought of investing in our queen's well-being was daunting.

""I'm not sure I can commit to that,"" I said, trying to stall.

The queen's expression turned cold. ""We'll give you one week to make a decision. If we don't see a willingness to invest in our hive, we'll have no choice but to reevaluate our partnership. And trust us, Beekeeper, we're not ones to be ignored.""

I felt a pang of guilt as I realized that I had underestimated the bees' growing demands. They were intelligent and resourceful, and I had underestimated their ability to see me as a partner. I made a decision on the spot.

""I'll do it,"" I said, a sense of determination washing over me. ""I'll invest in your hive. I'll work with you to improve the conditions, to make it a better place for you to live and thrive.""

The queen smiled, her eyes shining with approval. ""We're glad to hear that, Beekeeper. We'll get to work immediately."" And with that, she turned and flew off, leaving me to ponder the implications of our new partnership. It was a strange and unaccustomed feeling, but I knew that I had made a wise decision. For the bees, at least, I was in their corner now.","The sun was just beginning to paint the sky with hues of pink and gold as I made my way to the apiary. The familiar buzz of my bees greeted me, a symphony of industry that never ceased to amaze me. Each hive was a world unto itself, a bustling society of workers, drones, and queens. I had spent years cultivating a relationship with them, a bond that transcended the barrier between species.

I approached my favorite hive, the one where the new queens had recently taken over. As I lifted the lid, a gentle hum of voices rose to meet me. I closed my eyes, letting the vibrations wash over me, a language understood not by words but by feelings and intentions.

""Good morning, my friends,"" I whispered, my voice barely above the buzz.

The bees seemed to pause, their tiny bodies humming in unison before resuming their work. I could feel their curiosity, their intelligence shining through the veil of their simple existence. It was then that the message came, not as words, but as a collective thought, a polite request that lingered in the air.

""Please, consider investing in our home,"" they seemed to say, ""for we are thriving, but our potential is yet untapped.""

I understood. The new queens had brought with them a vision of growth, a desire for something more than the confines of their wooden walls. They wanted to expand, to create more than just honey, but a legacy that would endure.

As I pondered their request, I felt a pang of guilt. For years, I had taken their honey as rent, a small price for the privilege of sharing their lives. But now, they asked for something more, a partnership that went beyond the transactional.

I made my way back to the house, the weight of the bees' request heavy on my shoulders. As I sat at the kitchen table, I opened my laptop and began to research. I needed to understand what improvements they were asking for, how I could help them build a future as bright as the golden honey they produced.

Days turned into weeks as I scoured articles, watched documentaries, and consulted with fellow beekeepers. I learned about better insulation for the hives, more efficient ventilation systems, and the importance of providing a diverse range of flora for them to pollinate.

Finally, armed with knowledge and a plan, I returned to the apiary. The bees welcomed me with the same gentle hum, their anticipation palpable in the air.

""I have listened,"" I said, my voice steady with resolve. ""And I will invest in your future.""

The bees buzzed in what I interpreted as approval, their tiny wings beating a rhythm of gratitude. Together, we would embark on this new chapter, a testament to the power of communication and understanding between two very different worlds.

As I set to work, I couldn't help but marvel at the depth of our relationship. It was a reminder that even in the smallest of creatures, there lies a wisdom and a desire for connection that transcends the boundaries of language and species.",Phi-4-reasoning,phi-4
8,1,1,"In the small town of Eldridge, nestled between the whispering pines and the murmuring brook, a peculiar tradition had taken root. Every election season, the townsfolk gathered at the old hall, not with ballots in hand, but with the power to 'downvote' their government candidates. This wasn't a ballot box election; it was a contest of approval, where votes could subtract as well as add.

Eldridge had long ago tired of the usual political charades. Their system was simple: each citizen had one vote, but it could be a positive or negative one. The candidate with the highest score would win. It was a system born out of cynicism but had become a cherished ritual, a way to hold politicians accountable in a manner that was both cathartic and fair.

Anonymity was the cornerstone of this tradition. Behind closed doors, each person cast their vote, their voice echoing in the silence of the hall. The air was thick with anticipation and the weight of unspoken thoughts. The candidates, once larger-than-life figures, were now mere numbers on a board, their fates hanging by the thread of public opinion.

This year, the atmosphere was particularly tense. The candidates were more polished than ever, their promises more grandiose. But the people of Eldridge were weary. They had seen the cycle of hope and disappointment play out too many times. The hall buzzed with whispered conversations, each person weighing their decision carefully.

As the votes were counted, the room fell into a hushed silence. The numbers began to climb, but not in the way anyone had expected. The candidates, one by one, found their scores slipping into the negatives. The town had spoken, and it was a resounding message: their trust had been broken.

The candidate who had promised to bring change, to listen and act, ended with a score of negative fifty. The incumbent, who had served for years, was not spared, ending at negative twenty. It was a clear indictment of the political class, a collective expression of disillusionment.

But amidst the disappointment, there was a sense of unity. The townsfolk had spoken as one, their voices merging into a powerful chorus of dissent. It was a reminder that democracy, in its purest form, was about the people, not the politicians.

In the aftermath, the town of Eldridge became a topic of national conversation. Journalists flocked to the small town, eager to understand this unique system. Some praised it as a model for accountability, while others criticized it as a cynical mockery of democracy.

Yet, for the people of Eldridge, it was more than just a voting system. It was a reflection of their collective consciousness, a way to channel their frustrations and hopes into a single, powerful act. Anonymity had given them the courage to speak their truth, to downvote the status quo and demand better.

As the years passed, the tradition of the downvote became a legend, a tale of a small town that dared to defy the norms. And in the quiet moments, when the pines whispered and the brook murmured, the people of Eldridge knew that their voices had been heard, their votes counted, and their democracy, though unconventional, was alive and thriving.","The streets of Azalia were always bustling, but tonight was different. The local government candidate, Mr. Patel, had been in the running for months, and the polls were neck and neck. As I watched from the shadows, I couldn't help but feel a sense of unease. The people of Azalia were against him, and it was clear why.

The candidate's promises of affordable housing and free healthcare were nothing but empty words, and the truth was that he was just another politician seeking power. The people had had enough of his self-serving rhetoric and empty promises. They had voted against him at every opportunity, and now, the negative votes were piling up.

I had always been against politicians, but this was different. This was about the people, not just the candidates. And tonight, I knew I had to act. I made my way to the local government office, where I found a sign that read ""Anonymous Voting."" I smiled to myself, knowing that I was doing what needed to be done.

I walked into the office and approached the counter, where a woman with a kind smile greeted me. ""Can I help you?"" she asked.

""I want to vote,"" I said, trying to sound confident. ""But I want to vote anonymously, please.""

The woman looked at me with a mixture of curiosity and suspicion. ""What makes you want to vote anonymously?"" she asked.

I hesitated, unsure of how to respond. But then I remembered the countless times I had seen people voting in secret, and how it had always seemed to bring them a sense of power and freedom.

""I want to make sure my vote is not influenced by the candidate's campaign,"" I said, trying to sound convincing.

The woman nodded, a small smile playing on her lips. ""Alright, I can help you with that. But you'll need to fill out a special form, and you'll need to sign it in private.""

I nodded, feeling a sense of relief. This was what I had been waiting for.

As I filled out the form, I couldn't help but feel a sense of pride. I was doing something that most people would never do – I was standing up for myself and my right to have an opinion.

Finally, I signed the form and handed it back to the woman. ""Thank you,"" I said, feeling a sense of satisfaction.

The woman smiled and handed me a ballot. ""Be careful,"" she said. ""The government is watching.""

I nodded, feeling a sense of determination. I was going to vote my conscience, and I was going to make sure that my vote was counted.

I walked out of the office, the ballot clutched in my hand, feeling a sense of hope that I hadn't felt in a long time. Maybe, just maybe, this was the start of something big. Maybe, just maybe, I would be able to bring about change without sacrificing my integrity.

As I walked back to my home, I couldn't help but feel a sense of excitement. I knew that I had made the right decision, and I was ready to face whatever came next.",phi-4,Phi-4-reasoning
9,1,1,"In the gray, melancholic haze that seemed to perpetually shroud Emma's days, the world appeared as a monochrome painting. Her depression, a constant shadow, made every task feel monumental. Life felt like an endless cycle of waking up just to go back to sleep, until the day they arrived with a promise of change—a service dog named Max.

Max was supposed to be her beacon in the fog, trained to sense her low moods and offer comfort. Yet, there was an unexpected twist. Max, with his soulful eyes and droopy ears, seemed to embody the very essence of sorrow she carried within her. The mix-up was clear; it wasn't her who needed the dog, but rather, the dog who needed her.

Every morning, as Emma reluctantly peeled herself from the sheets, it was Max's presence that coaxed her forward. His tail, usually high and eager, now hung low, mirroring her own listlessness. But as she prepared his meals, brushed his coat, and walked him through the park, something began to shift.

Emma soon realized that her role had reversed; she was not the recipient of Max's service but rather his. His lethargy, his occasional whimper at the quietest sounds, became her responsibility. In caring for Max, she found a purpose that her own despair had stripped away.

The park became their sanctuary. The rustling leaves, the distant laughter of children, and the gentle breeze seemed to momentarily lift the weight off Max's shoulders. Emma watched as his tail twitched, a small sign of life beneath his usual sadness. It was in these moments that she felt a glimmer of hope, a reminder that even the smallest of efforts could make a difference.

As days turned into weeks, Emma's depression didn't vanish, but it became a part of a larger picture. Max's need for her, his subtle improvements, became her motivation. She learned to find joy in the simple act of being there for him, of being the one who could bring a smile to his face, however fleeting.

Max, in his own silent way, taught Emma that even in the depths of despair, there is a possibility for change. He showed her that sometimes, being a service human isn't about receiving help but about giving it. And in giving, she discovered that she could find her way back to herself, one small step at a time.

In the end, Emma realized that the mix-up had been a blessing in disguise. Through Max, she found her purpose, her reason to rise each morning. And Max, with his newfound lightness, became the living proof that even the most depressed of souls could find a reason to wag their tail.","I woke up to the sound of my service dog, Max, whining and pacing back and forth in his crate. He was my constant companion, my emotional support, my confidant. I'd named him after my late grandmother, who'd been a fierce advocate for animal welfare and had taught me everything I knew about caring for animals.

As I slowly opened my eyes, the morning light streaming through the window highlighted the sad, droopy eyes staring back at me. Max. My poor, broken Max. He was one of the happiest dogs I'd ever known, and yet, his eyes told a different story.

I rubbed my temples, trying to ward off the growing sense of dread. This was it, I thought. This was the moment I'd been dreading. The moment I'd realized I wasn't enough. The moment I'd lost my way.

I stood up, my legs shaking beneath me, and made my way to the crate. ""Hey, Max,"" I whispered, trying to sound more confident than I felt. ""It's okay, boy. We'll get through this together.""

As I reached the crate, I felt a wave of anxiety wash over me. What if I wasn't good enough? What if I failed Max? The what-ifs swirled in my head, making it hard to breathe.

But as I looked at Max's sad eyes, I knew I had to do this. I had to be the service human. I had to be the one who cared for him, who fed him, who comforted him. I took a deep breath and gently opened the crate.

Max tumbled out, his tail wagging hesitantly as he sniffed the air. I smiled, trying to hide my own despair. ""Hey, boy,"" I said, trying to sound more enthusiastic than I felt.

But as I looked into Max's eyes, I saw something there that gave me pause. A spark of hope, a glimmer of recognition. It was a spark that reminded me of why I'd gotten Max in the first place – to help him, to support him, to be his rock.

I knelt down, my heart pounding in my chest, and asked Max, ""How are you feeling, boy?""

Max looked up at me, his eyes filled with a deep sadness. ""I'm feeling...lost,"" he said, his voice barely above a whisper.

I smiled, trying to reassure him. ""I know, boy. We'll get through this together. We'll find your way.""

As I sat there, listening to Max's words, I felt a weight lift off my shoulders. I realized that I wasn't alone in this. I had Max, and I had myself. We were a team, a duo, a pair of broken souls trying to find our way.

I stood up, Max still by my side, and we walked out of the apartment together. We walked through the city, the sun shining down on us, and I felt a sense of hope that I hadn't felt in years. Maybe, just maybe, we could find our way out of this darkness, together.

As we walked, I looked at Max and saw the spark of hope in his eyes. And I knew that no matter what, we'd face it together, as a team. I was his service human, his rock, and he was mine. We were a team, and nothing could break us. <|end_of_story|>",phi-4,Phi-4-reasoning
10,1,1,"In the blink of an eye, you found yourself enveloped in a serene, golden light. Your heartbeat, once erratic, now settled into a soothing rhythm. As you opened your eyes, you were greeted by an expansive meadow bathed in perpetual twilight, where the sun dipped just below the horizon, casting a gentle glow over everything. The air was crisp, carrying the scent of blooming flowers and fresh earth.

You rose, feeling a sense of peace that was unfamiliar yet comforting. People wandered about, their faces etched with genuine smiles and laughter that echoed like a harmonious melody. There was no rush, no demands, only a collective contentment that seemed to pulse through the air.

Curiosity piqued, you approached a group of individuals lounging beneath a sprawling willow tree. They welcomed you with open arms, eager to share stories of their lives and dreams. You joined them, and soon, the world's burdens faded into insignificance.

As the days turned into weeks, you found yourself thriving in this idyllic setting. The stress and pressure that once clung to you like a second skin were replaced by a sense of freedom. You wandered through the meadow, exploring its hidden nooks and crannies, each one more enchanting than the last.

One afternoon, as you sat by a tranquil pond, a thought crossed your mind. ""What good deed earned me this paradise?"" you asked a passing stranger, who paused and smiled warmly.

""That, my friend, is the twist of fate,"" they replied, their eyes twinkling with mischief. ""You are in hell.""

Your heart skipped a beat, and the world seemed to pause. The stranger continued, ""But don't worry, it's a rather pleasant version.""

Before you could process this revelation, a sudden gust of wind swept through the meadow, and the atmosphere shifted. The gentle light dimmed, and a shadow loomed overhead. You turned to see a figure descending from the heavens, their wings a tapestry of darkness and light.

The demon, as you soon learned, was a concerned guardian of this realm. ""You have been sent here by mistake,"" they explained, their voice both stern and soothing. ""In your life, you were a beacon of kindness and compassion. But your final moments were clouded by doubt and fear, leading you astray.""

They offered you a choice: return to your unfinished life, armed with the wisdom and peace you had found here, or stay in this deceptive paradise, forever unaware of the world beyond.

As the demon's words hung in the air, you reflected on your time in the meadow. The absence of stress and pressure had allowed you to truly live, to embrace the beauty of existence without reservation. Yet, the knowledge that this was not your rightful place gnawed at you.

In the end, you chose to return. The demon granted you a glimpse of your past, a reminder of the lives you touched and the love you shared. With a renewed sense of purpose, you stepped back into the light, ready to face whatever came next.

As you reawakened in the world of the living, the memories of the meadow lingered, a beacon of hope in a tumultuous life. You knew now that peace and kindness were not destinations but journeys, woven into the very fabric of your being.","I slowly opened my eyes, groggily taking in the unfamiliar surroundings. As I sat up, I realized that I wasn't in my own bed, but in a dimly lit room with a single window that seemed to stare back at me like a cold, unforgiving eye. A soft, ethereal glow emanated from the walls, casting an otherworldly ambiance over the space.

As I took in the beauty of my new surroundings, a gentle voice whispered in my ear, ""Welcome, mortal. You have been brought here for a purpose."" I turned to face the speaker, and my eyes widened as I beheld a figure I had never seen before.

He was tall, with piercing blue eyes that seemed to bore into my soul. His skin was deathly pale, with sunken cheeks that spoke of a life lived in shadow. A mischievous glint danced in his gaze, and I felt a shiver run down my spine as he spoke.

""You have been chosen for a good deed,"" he said, his voice like a rusty gate. ""One that will earn you a place in heaven.""

I was taken aback. I had expected to be judged, to be punished for my sins, not tasked with a noble endeavor. ""What is this good deed?"" I asked, my curiosity getting the better of me.

The demon's smile faltered for a moment, and I saw a glimmer of concern in his eyes. ""This is hell,"" he said, his voice laced with a hint of disappointment. ""You have been brought here to atone for your past transgressions.""

I felt a surge of anger, but the demon's next words stayed my lips. ""You will not be punished,"" he said, his voice filled with a sense of sorrow. ""You will be given a chance to redeem yourself. But first, you must face your greatest fear.""

With that, the demon vanished, leaving me alone in the room. I was left to ponder the demon's words, and the realization that I had been brought to this place for a reason. But what was it, and why was I here?

As I sat in silence, I began to feel a creeping sense of dread. What was I afraid of? And what was my greatest fear?

The questions swirled in my mind, but the more I thought about it, the more I realized that I had no idea. And that realization filled me with a sense of unease.

I threw off the covers and stood up, my eyes scanning the room for answers. But there were none. Only the soft glow of the walls, and the haunting presence of the demon's words, echoing in my mind.

And then, I heard the whisper in my ear. ""The greatest fear is not the thing that is feared, but the thought of living without it.""",phi-4,Phi-4-reasoning
11,1,1,"In the quiet sanctuary of her bedroom, Emma stumbled upon a relic of wonder and responsibility. It was the Moon Princess locket, a piece of jewelry that glittered with the secrets of the universe and the weight of a world in need. Emma's heart thrummed with a mix of emotions—fear, pride, and a simmering anger—as she clasped the locket in her hands. Her daughter, Lily, only fourteen, bore the mantle of a hero, a guardian against the shadows that threatened to consume the world.

The locket, an intricate piece of craftsmanship, seemed to pulse with life, its surface etched with celestial patterns that danced under the moonlight streaming through the window. Emma's fingers traced the engravings, each line a reminder of the burden her daughter carried. She had discovered the locket hidden beneath a loose floorboard, a secret compartment that Lily had never mentioned.

With a trembling breath, Emma opened the locket. Inside, a tiny, glowing orb flickered, its light casting ethereal shadows across the room. The locket was more than a mere accessory; it was a communication device, a bridge to the Moon Goddess herself. Emma hesitated, knowing that the time had come to confront the divine being who had chosen Lily for this perilous path.

“Moon Goddess,” Emma began, her voice steady despite the turmoil within, “why would you burden a child with such a monumental responsibility? Lily is just fourteen, with all the dreams and fears of a girl her age. Why her?”

The orb within the locket flickered, and a voice, both ancient and gentle, resonated in Emma’s mind. “Emma, I chose Lily not for her age, but for her heart. Her courage, her compassion, and her unwavering sense of justice are the qualities that define a true hero.”

Emma’s anger simmered, but she couldn’t deny the truth in those words. Lily had always been different, her empathy and bravery shining through even in the smallest of actions. Yet, Emma couldn’t shake the fear of what losing Lily to this destiny might mean.

“Is there no other way?” Emma pleaded. “Can’t she be a hero in her own time, when she’s ready?”

The voice of the Moon Goddess was patient. “The world needs protection now, and Lily has shown herself to be ready. I have faith in her, as do you. But know this, Emma: you are not alone. You have the strength to support her, to guide her through this journey.”

Tears welled in Emma’s eyes as she realized the gravity of her role. She would be Lily’s anchor, her confidante, and her guide. The locket, a symbol of both power and vulnerability, would be the link between them, a constant reminder of the bond they shared.

With newfound resolve, Emma closed the locket and tucked it back beneath the floorboard. She would prepare herself, ready to face whatever challenges lay ahead. Lily deserved to know that she was not alone, that her mother’s love would be her greatest strength.

As Emma left the room, the locket’s glow seemed to brighten, a silent promise of hope and unity. In the quiet of her heart, she whispered a vow to the Moon Goddess and to Lily: they would face this together, and no shadow would be too dark to overcome.","The sun was setting over the small town of Willow Creek, casting a warm orange glow over the quaint streets and homes. My 14-year-old daughter, Luna, walked into the kitchen, her long blonde hair a tangled mess from a long day at school. I was busy brewing a pot of coffee, trying to get the aroma just right.

""Mom, can I talk to you about something?"" Luna asked, her bright blue eyes sparkling with curiosity.

I wiped my hands on a towel and turned to face her. ""Of course, sweetie, what's on your mind?""

Luna took a deep breath before speaking. ""I found something in Mom's old trunk in the attic. It's a locket, and it has a special button on it. When I pressed it, it opened, and inside was this locket with a picture of me and another person. The person's face was...different.""

My eyes widened as I picked up the locket, feeling an inexplicable jolt of energy. ""That's incredible. Who is the person in the picture?""

Luna's eyes widened as she pulled her hair back, revealing a small tattoo of a dragon on her left cheek. ""I don't know, but I think it's some kind of guardian. They were the ones who took care of me when I was little.""

I sat down at the kitchen table, taking the locket from her hand. ""This is amazing, sweetie. Luna, what do you think about the locket?""

Luna's brow furrowed. ""It feels like...a secret. Like someone wants to tell us something important.""

I nodded, my mind racing with possibilities. ""I think it's safe to say that whoever created this locket wanted to communicate with you. This is a device that can hack into the Matrix – the global network of magical energies that we rely on to protect the world.""

I rummaged through my desk drawer and pulled out a small notebook. ""I have a feeling that someone has been watching over you, protecting you from the darkness. And now, I think it's time we made it official.""

I showed Luna the locket, revealing the hidden button that allowed her to transform into one of the world's greatest heroes. ""This is the Avatar Device, Luna. With it, you'll be able to tap into the Avatar's power, using it to defend the world against evil.""

Luna's eyes went wide as she touched the device. The room seemed to fade away, and for a moment, I saw a vision of her standing in the midst of a battle, her powers coursing through her veins.

""Mom, what does this mean?"" Luna asked, her voice trembling.

I took her hand, my eyes locked on hers. ""It means we have a new guardian, Luna. We have a new protector. And together, we'll face the darkness that threatens our world, with courage and strength.""

Luna smiled, her face shining with excitement. ""I'm ready, Mom. I'll be a hero.""

I smiled back, feeling a surge of pride and love for my daughter. ""I know you will, Luna. You have always been a hero in my heart. Now, let's get ready to face the challenges ahead, together.""",phi-4,Phi-4-reasoning
12,1,1,"Your hand wraps around the crook of my wrist, a gentle yet firm pressure that reassures me that I'm still in control. It's a habit I've developed over the years, a comforting familiarity that soothes my nerves in the face of the unknown. As I lie there, I feel a shiver run down my spine, but it's not fear. It's anticipation.

I've been in this situation before, I've faced such moments of vulnerability in the past, but something about this feels different. Maybe it's the fact that I'm alone in this darkened room, or maybe it's the feeling of being watched. Whatever it is, I know I need to keep my guard up.

I slowly pry my hand loose from the crook of my wrist and examine my hand in the moonlight that filters through the window. It's a small tattoo on my wrist, a symbol of a bond I shared with someone long ago. I remember the way he held my hand, the way he looked at me with such intensity. That's what drew me to him, that's what made our relationship so strong.

As I gaze at my hand, I feel a pang of nostalgia. It's a bittersweet memory, one that I've tried to suppress over the years. But now, as I'm faced with this new reality, I realize that it's time to confront the past.

I take a deep breath and reach out to my hand again, this time grasping it firmly. I look into the darkness, my eyes straining to pierce the shadows, and I whisper, ""Let go.""

The pause that follows is almost as long as the silence I've been living in. And then, a faint rustling sound, like the whisper of fabric or the rustle of leaves. I hesitate, unsure of what to expect, but I remain resolute. Letting go is not just about releasing my hand; it's about releasing the memories that bind me to this place.

Slowly, I begin to turn my head, my eyes scanning the darkness, searching for any sign of movement. But there's nothing. No voice, no movement, just the gentle creaking of the old house, the sound of my own breathing.

I take another deep breath, letting the tension seep out of my muscles, and I whisper again, ""Let go.""

The pause is almost imperceptible, but I feel a slight shift in the air. It's as if I've finally given myself permission to release the past, to let it go. I exhale slowly, feeling the weight of my emotions slowly lifting. I'm not sure what's been held back, but I know it's time to move on. Time to leave the past behind and start anew.

As I sit there, I realize that letting go is not just about physical objects or memories, but about emotional connections as well. It's about releasing the grip that keeps us tethered to our pain, our fears, and our insecurities. It's about finding the strength to move forward, to face the unknown with courage and determination.

I'm not sure what the future holds, but I do know that I'll carry the lessons of this night with me. I'll carry the memories, the emotions, and the connections with me. And I'll use them to build a new life, one that's filled with hope, love, and possibility.","In the shrouded silence of the night, you awoke to the sensation of your arm dangling over the side of the bed. The darkness was impenetrable, the familiar contours of your room swallowed by the shadows. A chill swept through the air, tugging at the edges of your consciousness, coaxing you from the grasp of slumber.

Your heart beat a staccato rhythm against your ribcage, the drumming echoing in the void of your bedroom. Your senses heightened, you reached out, instinctively trying to anchor yourself in the familiar—your bedspread, the wall beside you, anything. But nothing met your touch, only the cool, unyielding night.

A whisper of movement brushed against your palm, a sensation both foreign and eerily familiar. There was a pressure, a weight against your hand, as if something—or someone—had seized it. Instinct kicked in, the primal urge to protect, to dominate in the face of the unknown. You clutched the invisible presence tightly, willing it into existence with the force of your grip.

The room seemed to hold its breath, the silence thickening around you. You could feel the entity's response, a slight pull, a subtle resistance. It was a conversation without words, a negotiation of power and presence. The darkness was no longer just an absence of light but a canvas upon which this silent drama unfolded.

Your mind raced, thoughts flickering like lightning in the night sky. First impressions, you reminded yourself, were crucial. A firm, confident handshake established dominance. You had learned this lesson long ago, in boardrooms and at family gatherings, in every handshake that felt like a battle of wills. Now, in the grip of the unseen, it was a lifeline.

The entity seemed to relent, the tension in your hand easing ever so slightly. It was a dance, this interaction, one of give and take, of understanding and asserting. You pressed your other hand against the space between you, willing the darkness to part, to reveal what lay hidden.

Slowly, the grip loosened, and you released your hold. The room remained silent, the shadows undisturbed, but the air felt charged, alive with the residue of the encounter. You lay there, heart still racing, the weight of the night pressing down upon you.

In the aftermath, you couldn't shake the feeling that the darkness had shifted, that you had glimpsed something profound in the exchange. The night had tested you, probed the depths of your courage and resolve. You had faced the unknown, not with fear, but with the same confidence you brought to every handshake, every challenge life threw your way.

As sleep finally claimed you again, the shadows seemed less menacing, the darkness a little less absolute. You had met the night on its own terms, and in doing so, had found a piece of yourself that lay hidden in the depths of your soul.

The morning light would find you changed, not by what you had seen, but by what you had felt. The encounter, brief as it was, had woven itself into the fabric of your being, a reminder that even in the darkest moments, there is a strength within, a force that can be summoned with the simple act of reaching out and grasping the unseen.",Phi-4-reasoning,phi-4
13,1,1,"She walked into the bookstore, a spark of excitement igniting in her chest. The owner, a gruff but kind old man, smiled at her approach. ""You here for the new novel, love?"" he asked, nodding towards the shelves stacked with books.

She nodded, eyes scanning the titles. ""The one on the right, I think."" She pointed to a book with a bold, red cover. ""This one's got a big smile on the front.""

The old man chuckled. ""Ah, you've seen the 'Happy Times' edition, have ya? Well, that's the one with the fancy covers, but this one's the real deal. This one's been getting a lot of attention.""

She took the book from him, running her fingers over the embossed title and author name. It felt warm to the touch. ""I'll take it,"" she said, handing over her credit card.

The old man handed her the book, a small, leather-bound volume. ""Be careful with it, love. It's got some... character.""

She grinned, unwrapping the book and revealing a cover that was a deep, rich blue, with a golden letter 'J' embossed on the spine. ""Thanks, I'll treasure it,"" she said, admiring the cover.

As she left the bookstore, the book safely tucked away in her bag, she felt a sense of pride and accomplishment. Her significant other had landed a book publishing deal. She was thrilled for them, even if she didn't share their passion for writing.

The next day, her partner walked into their home office, the book open on their desk. ""Congratulations!"" he exclaimed, eyes scanning the pages. ""I read the whole thing in one sitting.""

She rolled her eyes. ""You always do that, don't you?"" She opened the book herself, flipping through the pages. The writing was... different. The language was stilted, the dialogue unrealistic. She felt a pang of disappointment.

""What's wrong?"" her partner asked, noticing her expression. ""Is the book boring?""

She shook her head. ""No, it's just...not like this. It's like they took a bunch of words from a dictionary and threw them into a blender.""

Her partner frowned. ""I don't know, maybe it's just my taste. But I was really looking forward to reading this book. It's supposed to be a big deal.""

She sighed, feeling a twinge of guilt. ""I know, I'm sorry. I just don't understand why they chose this book over the one you wanted me to read.""

Her partner put his arm around her. ""You're thinking about it too much, love. It's just a book. It's not a reflection of you or me. We're happy together, and that's all that matters.""

She smiled, feeling a sense of gratitude towards her partner. He was right, of course. But a part of her still wondered why she had been so... invested in this book. Why she had felt so strongly about it.

As they sat in silence, the book lying between them, she realized that she had been reading it all wrong. The book was a reflection of her own hopes and dreams, and her partner's desire for success. It was a validation of their love, no matter how it manifested.

She closed the book, a sense of understanding washing over her. ""I'm sorry,"" she said, turning to her partner.

""Me too,"" he replied, smiling. ""Let's just enjoy the fact that we're happy, okay?""","In the heart of a bustling city stood a quaint bookstore, its windows adorned with rows of stories waiting to be discovered. Sarah, despite her reservations about her partner's literary pursuits, found herself standing before it, a peculiar mix of pride and curiosity warming her heart.

Her partner, Alex, had always been passionate about writing, a passion that had recently been rewarded with a book publishing deal. Sarah had supported this dream, even though the manuscript she had read was, to her, a collection of words that failed to resonate. Yet, seeing Alex's eyes light up with dreams coming to life was enough to make her proud.

On this particular day, driven by a whimsical urge, Sarah decided to see what the fuss was about. She entered the bookstore, the scent of ink and paper enveloping her, and made her way to the section that housed Alex's book.

As she picked up the book, its cover gleaming under the soft lighting, a sense of anticipation fluttered in her chest. This wasn't the manuscript she had seen, filled with Alex's hopeful scribbles and crossed-out lines. This was something else entirely—polished, bound, and ready to be explored by the world.

Back home, with the book in her hands, Sarah hesitantly opened it to the first page. The words, unlike anything she remembered, seemed to dance before her eyes, weaving a tapestry of emotions she hadn't anticipated. It was as if she was holding a different book altogether.

Each chapter unfolded a new layer of Alex's world, a world Sarah had glimpsed only through the veil of Alex's hopeful imagination. The characters leaped off the pages, their struggles and triumphs painting a vivid emotional landscape that Sarah found herself lost in.

As she read on, the initial skepticism that had colored her perception began to fade, replaced by an overwhelming sense of awe. Alex had transformed the manuscript, through the magic of editing and perhaps a bit of editorial pressure, into something profound.

The story was a complex tapestry of relationships, emotions, and conflicts, each thread intricately woven into the next. It spoke of love in its myriad forms, of loss and redemption, and of the resilience of the human spirit. Sarah found herself reflecting on her own life, the emotions stirred by the story resonating with her own experiences.

By the time she reached the last page, tears welled up in her eyes. Not just for the story that had captured her heart, but for Alex, who had poured their soul into every word, transforming a simple manuscript into a work of art.

That evening, as Alex walked in, Sarah handed them the book. Her eyes met Alex's, and in that moment, there was an unspoken understanding. Words were unnecessary; the pride and admiration she felt for Alex were evident.

""Thank you,"" Sarah said softly, her voice thick with emotion.

For Alex, seeing the impact their story had on Sarah was all the validation they needed. It was a reminder that stories, when told with authenticity and heart, have the power to transcend the page, touching lives in ways the author might never fully comprehend.

And as they sat together, the book lying between them, Sarah realized that while she might not have been a fan of Alex's writing initially, she had become a fan of the person Alex had become through their storytelling journey.",Phi-4-reasoning,phi-4
14,1,1,"She walked into the room, her eyes fixed on me with a mixture of desperation and calculation. I'd grown accustomed to her eccentricities over the years, but the fire in her eyes made me feel like I was staring into the abyss. She leaned against the doorframe, her long black hair spilling down her back like a waterfall of night.

I'd always known she was distant, but this was different. This was like she was trying to reach me on some deep level, to get a reaction out of me, even in death. My wife had always been the strong one, the one who held us together after our divorce. She'd put on a brave face, trying to distract us from the pain of losing our children, but I knew the truth. She'd been carrying around this burden for years, trying to make sense of the tragedy that had befallen our family.

As a child, I'd never really known her sister. She'd been just a stranger to me, a person my wife had introduced me to when we were young. But now, I saw the ghost of my wife's sister staring back at me. The resemblance was uncanny, a shock of black hair and a petite frame that seemed to match my wife's in every way.

I shook my head, trying to clear the cobwebs. ""What are you talking about, Sarah?"" I asked, trying to hide the fact that I felt a chill run down my spine.

Sarah's eyes locked onto mine, and for a moment, I thought I saw a flicker of something there, something that looked almost like sadness. ""I think we have to talk about my sister, Tom,"" she said, her voice low and husky. ""I've been feeling really connected to her lately.""

I stood up, trying to process the revelation. ""What makes you think that?"" I asked, my mind racing with possibilities.

Sarah took a step closer, her eyes never leaving mine. ""Because she was murdered, just like your wife was,"" she said, her voice barely above a whisper. ""It's like we're twins, somehow. Identical in every way, except for the fact that one of us died.""

I felt like I'd been punched in the gut, the air knocked out of me. Sarah's words hung in the air, a cruel reminder of the tragedy that had befallen our family. I stood frozen, unable to speak, as the realization slowly dawned on me. Sarah and I were twins.","In the quiet of our home, shadows seemed to whisper secrets of the past. It was during one of those nights that I found the old family photo tucked away in a forgotten box of keepsakes. The image, yellowed with age, showed two little girls on a sun-drenched porch. One, my wife, Emily, had the familiar bright eyes and laughter lines I’d come to adore. Beside her stood a mirror image, a mystery cloaked in the past.

I had always thought Emily’s sister, Anna, a mere sketch in her memories, long since erased by tragedy. Anna's death had been a cold case, a void that swallowed any warmth from Emily's spirit. Her grief had been a heavy cloak, and I, naively, had attributed every strange behavior to its weight.

But in that photograph, the truth revealed itself in a shiver that danced down my spine. They were twins. Identical in every way but fate.

The revelation sent me spiraling into a quest for answers. I delved into police reports, newspaper clippings, and old letters. Anna’s life and death unfolded before me, a tragic tale of beauty and violence. She had been a vibrant soul, her laughter a melody that echoed through Emily’s childhood. Her murder, a mystery that had haunted Emily’s heart, now haunted mine.

Emily’s recent odd behaviors—her distant gaze, her sudden silences—began to make sense. It was not just grief, but a mourning for a sister she had lost twice: first to death, then to the erasure of memory.

One evening, as the sun dipped below the horizon, painting the sky in hues of purple and gold, I found Emily in the garden. She was staring at the roses, her hands trembling as if holding onto the delicate petals of a memory.

“Why didn’t you tell me?” I asked, my voice barely above a whisper.

Emily turned, her eyes glistening with unshed tears. “I wanted to protect you,” she said, her voice a fragile thread. “I was afraid of the darkness it would bring.”

But the darkness had already arrived, and it was time to face it together. I took her hand, and we walked back into the house, into the shadows that now seemed less daunting.

That night, as we sat by the fire, Emily told me about Anna. Her stories were a balm to the wounds of the past, filling the void with laughter and tears. She spoke of their shared dreams and secrets, of a bond so deep it transcended time.

In sharing her sister’s story, Emily found a piece of herself she thought was lost forever. And in learning about Anna, I found a deeper understanding of the woman I loved.

The photograph remained on the mantelpiece, a silent guardian of their shared history. It was a reminder that love, even in its most painful forms, had the power to heal and unite.

As we faced the future, we did so not just as a couple, but as a family, bound by the ties of blood and heart. The shadows no longer whispered secrets; they sang a song of hope and resilience, a melody that echoed through our lives, forever intertwined.",Phi-4-reasoning,phi-4
